房地产企业预缴营业税营改增后发票怎么开	房地产企业营改增前在地税预缴税款但未开具发票怎么办	1	房地产|营业税|发票	房地产|地税|税款
黑茶传销骗的我好惨	湖南黑茶价格在网上哪里买会比较实惠	0	黑茶	湖南黑茶
我是学护理的,想报考营养师和养老护理员,大家决得哪个好点?	你好,我是学护理专业的想报营养师怎么考	1	营养师|养老护理员	你好|护理|营养师
打开网页总显示internet##ex##pl##ore##r无法显示该网页	为什么我打开个别网页时,总是打不开,提示“internet...	1	网页	网页
九龙坡区白市驿至二廊公交	快速公交2号线支线	0	九龙坡区白市|二廊	公交
南京江宁社会保险	现在南京社保和江宁社保有什么不同	1	南京江宁	南京社保|江宁社保
《功夫》里卖棒棒糖的女主角是谁	功夫之王里的白发魔女是谁扮演的	0	功夫|棒棒糖|女主角	功夫之王|白发魔女
和男朋友做爱怎么做啊谁有经历该穿什么脱衣服的话是他给我脱吗乳罩还要脱吗他亲我的胸怎么办	为什么男朋友和我做爱一定要脱掉所有衣服呢	1	男朋友|经历|乳罩	男朋友|衣服
哪对夫妻俩都是副国级领导	求一兼职代理协议书	0	夫妻俩|国级	代理
现钞转成现汇的手续费怎么算	关于现汇买入价,现钞买入价,卖出价,基准价的困惑	0	现汇|手续费	现汇买入价|买入价|卖出价
放羊的星星里夏之星的扮演者	《放羊的星星》里面:夏之星扮演者:刘荷娜是哪里的人	0	放羊的星星|夏之星	夏之星扮演者|刘荷娜
全世界唯一规定买车必须自备停车位的国家是哪个?	全世界最小的国家是什么?	0	全世界|买车|停车位	全世界|国家
杜鹃花剪枝施肥的问题	什么时候可以给杜鹃花剪枝何时施肥	1	杜鹃花剪枝	杜鹃花剪枝
vivo是什么类型手机啊	vivo是怎么样的手机啊	1	是什么类	么样
exo的队长是谁	神话的队长是谁?	0	o的	神话|队长
麦当劳玉米杯的详细做法(高分)	河北玉米的收购价	0	麦当劳玉米|高分	河北玉米
商洛市哪是哪个省的	徽州是哪省的?	0	商洛市	徽州
多情自古空余恨,此恨绵绵无绝期.是怎么解释	“多情自古空余恨,此恨绵绵无绝期”这句话是什么...	1	多情|空余恨|此恨绵绵	多情|空余恨|此恨绵绵
中国人民银行征信中心:目前系统未收录你的个人信息,无法进行注册是什么意思	在中国人民银行征信中心注册,输入名字,身份证好之后,跳...	1	中国人民银行|中心|个人信息	中国人民银行|名字|身份证
世代居住在台湾省的少数民族是?	建立北魏的少数民族是	0	世代|台湾省|少数民族	北魏|少数民族
新君威1.6##t玛吉斯轮胎多少钱	2015君威1.6##t低配用的轮胎多少钱	1	新君威|t玛吉斯	01|t低
《心墙》的原唱	谁是《心墙》的原唱	1	心墙	心墙
诛仙3游戏bug	诛仙3##bug怎么办	1	游戏	
2016年清明节当日有什么禁忌冲什么生肖	今天十二生肖冲忌	1	16年清明	十二生肖
唱歌的时候为什么我总是唱不了低音?我该怎么办?	唱歌气息教程	0	唱歌|低音	唱歌气息
金什么四什么成语	成语寓言故事的主要内容	0		成语
为什么有的女人说话,不好好说,却总是大喊大叫的,像疯狗一样见谁都咬?	疯狗最新电影下载怎么又下不了	0	女人|疯狗	疯狗|电影
诛仙手游的嗜血珠碎片任务怎么做	手游上古2充值问题	0	手游|嗜血|碎片	手游上古|充值
求指针式普通石英钟的印刷板电路图.	想改下家里的石英钟弄成太阳能板子的,求动手能力强的帮忙...	1	指针式|石英钟|电路图	石英钟|太阳能板子
gtx##96##0m显卡怎么样?	显卡驱动不兼容	0		驱动
适合中学生的舞蹈	阳光总在风雨后手语舞蹈分解动作视频	0	中学生	风雨|手语舞蹈
关于托福和gre成绩邮寄到申请的学校的时间的问题	关于寄送gre和to##ef##l成绩单的问题	1	托福|re	o##
3g运行内存和4g的运行内存的差别大吗?	手机3g##b的运行内存与4gb的运行内存真的有很大差别么	1	行内|运行	手机|的运|gb
通州有到燕郊的拼车吗?	拼车回家安全吗	0	通州|燕郊|拼车	回家
国庆节银行放假吗?我想办卡	漫游电话卡,办什么卡好?	0	国庆节银行	漫游电话卡
近视的女生大学期间当兵好吗?	近视的女大学生入伍义务兵的概率有多大	1	女生大学|当兵	大学生|义务兵|概率
请问带有药健字、药械准字、消证字、消字号、的药品能在药店销售吗?	我代理了消字号的药品药店不让卖谁能...	1	药械准字|消证字	代理|字号|药店
云数贸上市最新消息	云数贸2017年能上市吗,	1	云数|上市	云数|7年
农村三部曲的著名作家是?	农村说的鱼香学名叫什么?	0	农村|著名作家	农村|香学
怎么升级安卓模拟器的系统?	安卓模拟器电脑版如何更新游戏·	1	升级安卓模拟器	安卓模拟器电脑
英魂之刃开外挂哪个好	英魂之刃怎样开外挂	1	英魂之刃|外挂	英魂之刃
我的世界单机防爆指令是什么	防腐防爆摄像头	0	世界单机|指令	防腐
货车年检,后面轮胎花纹不一样可以吗	哪种轮胎噪音小	0	年检|轮胎花纹	轮胎噪音
匹马单枪立于营外,拒汉水之寨的是谁?	本山快乐营二丫是谁	0	营外|汉水	本山快乐营二丫
青岛是春秋战国时候的哪个国家?	左轮手枪是春秋战国时候的哪个国家?	0	青岛|春秋战国|国家	左轮手枪|春秋战国|国家
日军给慰安妇身体检查过程,日军如何残暴虐待慰安妇【组图】	慰安妇怎样接待日军照片	1	日军|慰安妇身体检查|日军|慰安妇	慰安妇|日军
用颗粒木板做衣柜有什么缺点?	衣柜和地板颜色搭配	0	颗粒木板|衣柜	衣柜|地板颜色
为高龄老人做婚庆都需要什么步骤	北京婚庆用品团购	0	高龄|婚庆	北京婚庆用品
我家有一个大卧室的小窗户做卷帘好还是对开的或者是一片的好啊	我想问一下,我家卧室后面的窗户比较小,不知道用哪种窗帘...	1	卧室|窗户|卷帘	卧室|窗帘
江西有哪些品牌瓷砖	十大品牌瓷砖那些是江西生产	1	江西|品牌	十大|瓷砖|江西
我是司机以前加入了滴滴打车现在想退出不知道该怎么退出?	为司机买了意外险出现了事故怎么赔偿	0	司机|滴滴	司机|意外险|事故
小泰迪狗的驱虫药怎么吃	泰迪快三个月怎么吃驱虫药	1	小泰迪|驱虫药	泰迪
贾珍的父亲是谁?	贾珍的父亲叫什么?	1	贾珍|父亲	贾珍|父亲
太平天国运动。爆发185##1年定都?	主裁。爆发185##1年定都?	0	太平天国运动	主裁
草色摇看近却无是描写哪个季节的	瓜果飘香是描写什么季节景色	0	草色|季节	瓜果|季节
这是怎么?微信5.0版本的不能用qq号注册微信了吗?	不用手机号怎么用qq注册微信,5.0一下版本都打不开啊	1	微信|版本|册微	手机号|册微
求我的世界盗版服务器小游戏,躲猫猫什么的那种、pvp那种,还有,躲猫猫的那个的英文是啥,外国服务器	求我的世界盗版服务器小游戏,躲猫猫什么的那种、pvp那种,...	1	服务器|躲猫猫|有,躲	小游戏|躲猫猫
on,at,in在表示时间用法与区别	在时间中on和in和at的用法	1	在表示时	时间
把占城稻推广到江浙和淮河流域种植的是	把占城稻推广到江浙和淮河流域种植的是:	1	城稻|江浙|淮河流域	城稻|江浙|淮河流域
孩子恋爱了,父母怎么办?	火影恋爱问题攻略	0	孩子|父母	火影
20钢筋9米长一件多少根	钢筋重量计算公式	0	0钢	钢筋重量
滴蜡地理嘟嘟滴蜡地理度是什么歌	有一首歌曲是女生唱的,高潮部分是滴蜡滴蜡嘟啦类什么的。。	1	滴蜡地理嘟嘟滴蜡地理	女生|滴蜡滴蜡嘟啦
小美人鱼人物英文名翻译,谁都是谁介绍一下!!!剧本看不懂啊!!急需!!!!谢谢各位了	爱看书的朋友进来,真心请求帮助	1	小美人鱼|英文名|剧本	朋友
现在变了借钱的是老子要钱的是孙子以前关系再好现在一提钱就有很多理由没钱	借钱的理由	0	老子|关系|理由	
南京高铁站到河海大学清凉山校区怎么走?两个地方有多远,打的多少钱	南京高铁站到河海大学清凉山校区怎么走	1	河海大学清凉山校区	河海大学清凉山校区
杭州是哪个省?	杭州属于那个省	0	杭州	杭州
神界危机4.9风少爷	神界危机4.9怎么有人找出了风少爷拜托...	1	神界危机	神界|少爷拜托
请答出台湾省第一篇科幻小说的名称:	中国大陆第一篇被改编为科幻电影的科幻小说是	0	台湾省|篇科幻小说	大陆|科幻电影|科幻小说
招行信用卡青年金卡额度是多少,是一万以上吗?	招行青年信用卡取现额度是多少	1	信用卡|金卡额度	青年信用卡|额度
青云志第五集百度云链接,求告知	求青云志第五集百度云资源	1	青云|百度|链接	青云|百度
集装箱货柜20##hc的体积是多少?	求货柜体积和货物体积	0	货柜|#h	货柜体积
好运常在法语怎么说	求09年法语流行歌曲~	0	好运|法语	年法语流行歌
姚明是哪里人?	姚明的故乡在哪?	1	姚明	姚明|故乡
苹果ipad型号为mc##77##3##z##p尺寸多大	ipad有几个版本,几个系列,尺寸分别多大的,最好详细点,...	1	pa|##	有几|系列
十渡旅游攻略,有哪些需要注意的?	求十渡旅游攻略	0	十渡旅游	十渡旅游
欧洲最大的半岛在:	欧洲最大的半岛是哪个半岛?	0	欧洲|半岛	欧洲|半岛|半岛
花楹怎么死的	花楹结局什么意思啊	0	花楹	花楹结局
乒乓球比赛规则没改变以前每局的记分标准是:	乒乓球比赛规则没改变以前什么是每局的记分标准?	1	乒乓球比赛规则|记分	乒乓球比赛规则|记分
以铜仁到凯里经玉屏走高速有多少公里	眼睛近视做手术应该怎么弄	0	铜仁|凯里|玉屏	眼睛|做手术
汽车加装车内氛围灯脚底氛围灯影响电瓶吗?	电瓶车和小汽车撞了,该怎么处理	0	氛围|脚底氛围|电瓶	电瓶车|小汽车
2010欧冠决赛地在哪	欧冠全称是?	0	010欧	欧冠全称
谁有黄子韬的新歌yes##ter##day和one##he##art的mp3啊!!!急求!!!	免费取名字测试打分	0	黄子韬	免费|测试
[无头]给纪田正臣配音的是谁呢	柯楠中给新一配音的是谁?(中文)	0	纪田正|配音	柯楠|配音|中文
中国加入亚太经济合组织的时间是?	中国加入上错花轿嫁对郎合组织的时间是?	0	中国|亚太经济|时间	中国|花轿|时间
从西安到陇南有直达车吗?	甘肃陇南成县到西安多少公里	0	西安|陇南|直达车	甘肃陇南成县
狗有几种类型?	小狗有多少种类型的	1	类型	小狗|类型
京东一元夺宝是真的吗	京东高层联系方式	0	京东	京东高层
深圳一个月社保是多少元。。。	外地社保如何转入深圳	0	深圳|社保	外地社保
苏辛的代表作有?急急急!!!	苏轼的代表作有哪些	1	苏辛|代表作	苏轼|代表作
泫雅《a+》中《平稳》的音译歌词	求泫雅新歌《平稳》的中文音译。	1	泫雅|音译	泫雅|中文音译
青花瓷烟图片及价格查询	青花瓷香烟是哪个省出的	1	青花瓷|图片|价格	青花瓷香烟
请回答1988里第20集善宇和宝拉恋爱被发现时嗯歌曲是什么	请回答1988里第20集善宇和宝拉恋爱被发现时插曲(喔哦喔哦...	1	第2|集善|发现	第2|集善|被发
我做跳绳这个运动,不用跳绳,直接在那里跳。有用么	跳绳和跑步哪个好	0	跳绳|运动|跳绳	跳绳|跑步
关于白酒酒坛子封口问题。	请问专业的白酒酿造设备生产产家有哪些不是小型自酿的,中...	0	白酒酒坛子封口	白酒酿造|产家
临平78##2到下沙最早是几点	关于临平职高	0	临平|#2	临平
五峰毛尖产地	五峰毛尖在哪生产的	1	毛尖	毛尖|生产
金俊绵有钱还是吴亦凡有钱还是鹿晗有钱	关于exo-m中吴亦凡的小说,有多少发多少噢,我不方便在贴吧看...	0	金俊绵|吴亦凡|鹿晗	m中吴|凡的
2016年8月13号快乐大本营杜海涛唱的歌曲名是什么	2016年8月13号快乐大本营杜海涛唱的歌叫啥名	1	3号快|大本|海涛唱	3号快|大本营杜海
德牧脸上出了一小块癣咋办?	好多人都说废机油治癣我的德牧长癣了想试一试不知是真是假	1	脸上	废机油治癣
杨紫琼和甄子丹合作的电影有吗	山空和甄子丹合作的电影有吗	0	杨紫琼|甄子丹|电影	山空|甄子丹|电影
极品败类穿越记txt全集下载	极品穿越小说txt全集免费下载	1	极品败类	极品穿越小说
ipad死机了,无法退出,也无法关机,怎么办	ipad死机了怎么办,关机也关不了,又不能下电池	1	pa	pa
干咳无痰喉咙痒吃什么药都不好……	肺炎干咳	0	喉咙|药都	肺炎
银行承兑汇票盖章可不可以压线	银行承兑汇票的背书印章可以跨线吗	1	承兑汇票盖章	承兑汇票|背书|跨线
急,怎么在编辑邮件时加入可输数字的方框	在excel中数字怎么输入到方框□内	1	邮件|数字	ce|么输
神庙逃亡2如何吃更多的箱子	欲望神庙游戏下载	0	神庙	神庙游戏
高通骁龙s##nap##dragon##80##1跟高通ms##m##89##39哪个好	高通ms##m##89##39。高通骁龙801##ms##m##89##74##aa。都...	1	高通|##	高通|##
合肥有几个区	合肥市有哪几个区县	1	合肥	合肥市|哪几个
哪位词人登临怀远时写下“生子当如孙仲谋”的词句?	司马相如当的是什么官	0	怀远|孙仲谋|词句	司马相如
关于国防,民防,教育的征文	民防知识	0	民防|教育	民防
砥砺前行	砥砺前行是什么意思	1	砥砺前	砥砺前
2015年山东省成人高考录取分数是多少	2015年山师成人高考录取分数线是多少	1	15年山东省成人高考录	15年山师成|考录取
带领02年中国足球队打入世界杯的外籍教练是	带领02年中国足球队打入坚强的外籍教练是	0	年中国足球|入世界|的外	年中国足球|的外
红楼梦中“阆苑仙葩”指是谁	姚笛扮演红楼梦中的谁?	0	红楼梦|苑仙葩	姚笛|红楼梦
印江至秀山高速途经路线	森林木xyz我是贵州省印江县新寨乡小云村人.我们村地处瑞杭高...	0	印江|秀山|途经	我是贵|寨乡小
b##41-80##i##56##200能改win7吗?我改完后无线网卡无法识别	我前两天用xp系统玩cf##f##ps值在150-200,装了wi...	1	00	p系
云支付一定要用银行卡?	银行卡怎样绑定h##ce云支付	1	银行卡	银行卡
英雄联盟怎么修改分辨率	lol怎么修改分辨率	1	英雄联盟	
《三国志》是谁写的?	《别样红》是谁写的?	0	三国志	别样红
兰州都有哪些大学?	复旦大学录取分数线	0	兰州|大学	复旦大学
还珠格格第三部秦岚生孩孑是哪集	域名备案查询的网址是	0	秦岚生孩	域名备案|网址
谁知道李玟做好迪洗发水广告唱的“滴答滴,滴答滴,滴答滴答滴答滴…”这歌叫什么名字?谢谢了哦[UNK]!	李玫代言的好迪洗发水那首歌歌名是什么	1	洗发水|滴答|滴答|滴答滴答滴答|这歌	李玫|洗发水那首歌
怎么自制鱼缸上过滤	鱼缸过滤器怎样使用	0	鱼缸	鱼缸过滤器
你好!请问我才购买的三星gt-i##91##18手机,开机充电时屏幕一直亮起而且手机发热?是有问题吗?	三星gt-i##91##18	1	你好|#9|幕一	三星
博雅中国象棋残局的擂鼓助威怎么解?速度速度快快快!	博雅象棋残局擂鼓三通破解方法,急急急	1	残局|助威|速度速度	博雅|残局|三通
广安中学招办电话多少	广安市招办电话	1	广安中学|电话	广安市
我的世界电脑版怎么t##p就是传送到别人那的那种	我的世界怎么让别人按一个按钮传送到另一个地方	1	世界电脑	世界|按钮
道士证可享受哪些优惠	请问道士证如何办理	1	道士	道士
碳酸钠属于什么盐	国土资源部属于什么盐	0	碳酸钠	国土资源部
巩义在哪里?	韶关市在哪里?	0	巩义	韶关市
走油豆豉扣肉是哪个地方的特色菜?	大车用什么油?	0	走油豆豉扣肉	大车
1931年11月,中华苏维埃第一次全国代表大会召开的地点是	1931年11月,中华苏维埃第一次西西召开的地点是	0	11月,中|埃第一次全国	11月,中|西召
温州是哪个省的?	核心是哪个省的?	0	温州	核心
<小王子>内容简介和作者简介	《小王子》作者及其简介	1	小王子|内容简介	小王子|作者
煤得干馏是什么变化?	煤得干馏是什么国号?	0	变化	国号
中共一大召开的地点是	中共第一次全国代表大会召开的地点是	1	中共一大召|地点	中共|全国代表大会|地点
坐落在王府井的北京市百货大楼门前有一座铜像,他就是全国劳动模范张秉贵,他以什么绝技折服了全国亿万劳动者。	姜维他爹叫什么?	0	铜像|全国|张秉贵|全国	姜维
u盘插上电脑没反应?	u盘盘符不显示	0	电脑	盘符
农民专业合作社联合社组建要求有哪些?	农民专业合作社成立联合社的条件	1	农民|合作社联合社	农民|合作社|联合社
香奈儿5号香水	香奈儿5号香水50ml的多少钱	1	香奈儿	香奈儿|香水
关于雅思词汇课	雅思词汇书哪些好呢	1	雅思词汇	雅思词汇
住房公积金贷款之后,之前里面缴存的钱可以提出来吗?可以的话,购房多久之后那?	住房公积金贷款应该怎么提前还款	1	公积金贷款|购房	住房公积金贷款
红薯地害虫用啥药防冶	办个红薯淀粉加工厂	0	红薯|害虫	红薯淀粉
职业棒球运动员最早出现在哪个国家?	足球最早出现在哪个国家	0	职业棒球运动员|国家	足球
我们在白天看到的太阳是太阳的	我们在白天看到的冀文林是冀文林的	0	白天|太阳|太阳	白天|文林|文林
神犬小七张云龙真的是阿旺的主人吗	潮汕小品-阿旺拜年里面的啊凤叫什么	0	神犬|张云龙|阿旺	潮汕小品|阿旺
我国第一个爱国诗人是谁?	我国最早的女诗人是?	0	爱国诗人	女诗人
社会保障卡号是9位数系统只能输入8怎么查询社保	社保退休金计算方法	0	社会保障卡号|位数	社保退休金
去丽江游玩的最佳路线?	云南丽江旅游路线	0	丽江游玩|路线	云南丽江旅游
贾斯丁.比伯的成名曲是什么?	戚戚.比伯的成名曲是什么?	0	贾斯丁|比伯|成名曲	戚戚|比伯|成名曲
亚夫遗风叫什么	谁是亚夫遗风	1	亚夫遗风	亚夫
联合国秘书长安南是哪国的啊???	联合国秘书长廉正是哪国的啊???	0	联合国秘书长安南	联合国秘书长廉正
仙剑中景天是谁	仙剑问情是谁唱的?	0	仙剑|景天	仙剑问情
听别人说山楂,分泌唾属于生物的哪种基本特征	海参属于海底里面的哪种生物?	0	山楂|生物	海底|生物
肃宁县在哪个省	竹山在湖北哪个省	0	肃宁县	竹山|湖北
哈尔滨市有哪些好玩的地方	夏天哈尔滨有什么好玩的地方	1	哈尔滨市	夏天哈尔滨
如何选择路由器	如何选购无线路由器	1		无线
性欲太强怎么办?	增强性欲应该摸女人哪些部位刺激敏感带的技巧有哪些啊	0	性欲	性欲|部位|技巧
打球的羽毛球地胶有什么规格?	运动地胶的尺寸	1	羽毛球地胶|规格	运动地胶
临时工又称什么?	细胞外液又称什么	0	临时工又称	细胞外液又称
格力空调全面拆洗详细	格力空调的清洗图示(如何打开面板)	1	格力空调	格力空调|图示|面板
荷兰国家的特点简介一百字	荷兰的大学硕士预科	0	荷兰国家	荷兰|学硕士
紧急询问西门子的冰箱怎么样啊	西门子对开门冰箱质量怎么样	1	西门子|冰箱	西门子|冰箱质量
oppo##r##7##s全网通支持电信卡吗	全网通oppo##r##7##s主卡副卡能否都可用电信卡	1	#r|7##	网通|##
包头市第一次评为全国文明城市是哪年	长征结束是哪年	0	包头市|文明城市	长征
这个月想和女友去爬华山。我们两个都是第一次去华山,准备白天爬山。要准备什么,听说山顶山底温差很大,	去华山要准备什么啊(下午去,晚上爬)谢谢哈～	0	华山|华山|山底温差	华山|晚上|谢谢
htc手机验证	htc手机怎么查询真伪	1	tc	tc
海水中含量最高的盐是什么	强击机中含量最高的盐是什么	0	海水|含量	强击机|含量
习惯上哪一条河流是中国北方与南方的天然分界线?	习惯上哪一条不结盟运动是中国北方与南方的天然分界线?	0	河流|天然分界线	不结盟运动|天然分界线
巴西的官方语言为	巴西的官方语言是什么?	1	巴西|官方语言	巴西|官方语言
陈小春版鹿鼎记里双儿的扮演者是谁啊?	在陈小春版《鹿鼎记》中饰演双儿的演员是谁	1	陈小春|鹿鼎记|双儿	陈小春|鹿鼎记|双儿
为什么安装360免费wifi电脑就自动关机重启	为什么下载360免费wifi电脑总是自动关机	1	60|fi电脑	60
填写安徽会计从业资格证考试合格申请表,非全日制和全日制最高学历怎么填?	会计从业资格证考试合格申请表,非全日制	1	考试合格|非全日制|学历	考试合格申请表
刚果布和刚果金是什么区别?	刚果河水文特征	0	刚果|刚果金是|区别	刚果河水文特
蓝筹股有哪些股票	什么是蓝筹股都有哪些	1	蓝筹股	蓝筹股
盗窃最轻处罚管制还是拘役呢	盗窃罪判拘役是怎么判	1	管制	盗窃罪
模拟人生4怎么玩不了啊	模拟人生4玩不了怎么办	1	人生	人生
见于记载的匈奴第一个单于,驻头曼城,其地为当今内蒙古的	曼城的队长是谁?	0	匈奴|驻头曼	曼城|队长
用友t3月末转账和月末结转怎么弄呢?	我用的是用友t3,我可以先月末转账在记...	1	用友|3月|和月|转怎么	我用|用友|先月
肝风上扰和肝阳上亢之区别.	散肝风什么意思	0	肝风|阳上亢|区别	肝风
表示某人干事麻利时用什么带数字的俗语	我想买谚语俗语等词典,以下是我搜到的几本书,帮我看看哪本...	0	麻利时用	谚语|词典|几本书
河南财专大几才可以专升本	专诸刺杀的是谁?	0	河南财专大	专诸
沟通太平洋和大西洋的重要运河是?	北冰洋与太平洋沟通的通道是	0	太平洋|大西洋|运河	北冰洋|太平洋
上海生育津贴多久到账	上海市领取生育补贴后还有产假工资吗	1	上海生育津贴	生育补贴|产假
迅游加速器密码忘记了怎么办?	迅游加速器怎么找回密码	1	迅游加速器密码	迅游加速器
个人养老保险滞纳金计算方法	养老金补缴滞纳金怎么计算	1	养老保险滞纳金	养老金|滞纳金
有“黑金”美誉的燃料是什么?	白鳍豚有什么美誉?	0	黑金|美誉|燃料	白鳍豚|美誉
北京四合院的大门一般开在哪个角上	北京四合院的旅行一般开在哪个角上	0	四合院|大门	四合院|旅行
揭开法国大革命序幕的历史事件是什么	法国大革命开始的标志	1	法国大革命序幕|事件	法国大革命
财政部规定专家劳务费发放标准800元/天吗	中国博士后科学基金的资助规定	1	财政部|劳务费	博士后科学基金|资助
皂色是个什么颜色?	颜色种类介绍加图片	0	皂色	颜色种类|加图
询问光固化树脂补牙中会用到哪些药物?	光固化树脂补牙能维持多久	1	光固化树脂|药物	光固化树脂
社区换届选举候选人考察材料怎么写	社区居委会换届选举候选人介绍怎么写	1	换届选举候选人|材料	居委会换届选举候选人
日语“什么都别说了”怎么说啊?	日语基本发音50音和图	0	日语	日语|发音
你知道世界语的创始人是谁吗?	你知道世界语的创始人叫什么吗?	1	世界语|创始人	世界语|创始人
当月的增值税是不是在第二个月的十号之前要交?逾期未交是不是要收滞纳金?交增值税的缴纳时间?	几个月前申报的增值税发现没交怎么办怎样补交.滞纳金怎么...	1	增值税|逾期|滞纳金|增值税	申报|增值税|滞纳金
占地大棚的赔偿	大棚种植什么赚钱	0	大棚	大棚
单位一年有几次入党机会都是什么时间	入党亲属政审证明	0	单位|入党机会	入党亲属政审
我国古代最大的风俗画是哪个	我国古代最大的风俗画是什么	1	古代|风俗画	古代|风俗画
我国的什么列车是世界上第一列正式投入商业运营的高速磁悬浮列车?	世界上第一列正式投入商业运营的高速磁悬浮列车是我国的什么列车?	1	商业运营|磁悬浮列车	商业运营|磁悬浮列车
读散文《世界很小又很大》有感800字	世界很小又很大的读后感	1	散文|世界	世界
蜜蜂声药翻译	蜜蜂屎是蜂蜜吗	0	蜜蜂声药	蜜蜂|蜂蜜
天津那里有奥康皮鞋专卖店	奥康皮鞋质量怎么样	0	奥康皮鞋	奥康皮鞋质量
怎样才能顺利地打开	怎样才能顺利地把男友约出来	1	怎样才能	怎样才能|男友
求短篇的言情古风小说	古风bl小说	0	言情古风	古风
有利网红包怎么用?	“电视红包”为商家带来哪些有利之处_百度派	1	红包	红包|商家|百度
红楼梦晴雯	新版红楼梦,晴雯=杨幂的戏主要在哪几集	0	红楼梦	红楼梦|晴雯|杨幂
联通的机卡不能分离是手机不能用别的卡还是卡不能在别的手机上用?否则会锁?	联通手机卡签了协议不想用了怎么办	0	联通|机卡|手机|手机	联通手机卡|协议
求exo新歌mon##ster百度云	求exo唱的歌曲《mon##ster》百度云资源分享,急急急	1	mo	on
司马迁死后很多年,他的史记是由谁替他公诸于世的?	司马迁死后很多年,他的大小姐是由谁替他公诸于世的?	0	司马迁|史记|公诸于世	司马迁|小姐|公诸于世
玫瑰王国指的是:	玫瑰王国是指哪个国家?	1	玫瑰王国	玫瑰王国是
狼队在哪个城市	狼队在哪个人造卫星	0	狼队	狼队
李商隐的“夜雨寄北”是写给谁的?	李商隐的“181寄北”是写给谁的?	0	李商隐|夜雨	李商隐
因停电被困电梯可以索要赔偿吗?	被困电梯怎么办_百度派	1	电梯	电梯|百度
欧意油烟机好吗	欧意抽油烟机怎么样	1	欧意油烟机	欧意抽油烟机
苏格兰北部的一条运河叫什么名字啊	通过船只量最多的运河是那一条运河?	0	苏格|运河|名字	船只|运河|运河
为什么我看邮箱附件不能预览	qq的邮箱图标如何点亮呢	0	邮箱附件	的邮箱图
上海新场附近能装移动宽带吗	如何让宽带自动连接	0	上海|能装|宽带	宽带自动
将温度计从酒精里取出,示数会怎样	在实验里,将一直温度计从酒精中取出,温度计的示数变化会...	1	温度计|酒精|示数	温度计|酒精|温度计|示数
加油站的燃油宝对发动机有伤害吗?	请问,加油站推荐的燃油宝到底是该加上吗有的说是加了毁...	1	加油站|燃油|发动机	加油站|燃油
cad在位编辑块怎么用	什么叫cad	1	在位	
我国瓷器的发明大约有多少年的历史了?	中国皮影戏已有多少年的历史	0	瓷器|历史	中国皮影戏
我的可移动磁盘g找不到了~~~怎么办啊	插上u盘后在我的电脑中找不到可移动磁盘怎么办	1	移动磁盘	电脑|移动磁盘
南丽湖在海南的哪个县?	山东省的微山湖在哪个县	0	南丽湖|海南	山东省|微山湖
陈翔演美人制造演的什么?	陈翔演东都演的什么?	0	陈翔|美人制造	陈翔演东
事业单位体检有慢性盆腔炎影响入职吗?企业入职体检有慢性盆腔炎吗?	事业单位入职体检,妇科病影响录用吗	1	事业单位|慢性盆腔炎|慢性盆腔炎	事业单位|妇科病影响
在core##ld##ra##w中如何用钢笔抠图,具体步骤。	ps抠图的具体步骤	0	##ra|#w中如	s抠
如何把老硬盘系统移植到新电脑上	如何硬盘重装系统win7	0	硬盘系统|电脑	硬盘重装系统
张臬是哪个朝代的	张心杰是哪个民族的	0	朝代	张心杰|民族
求解!六界仙尊人物名称后面的黄色图标是什麽?要怎么点亮?	我的电脑桌面上出现了一个new的黄色图标	0	黄色图标是什	电脑桌面|w的
2007东风日产骐达二手车售价?	请问二手车06年的尼桑骐达要买多少钱	1	007东|产骐达	二手车|的尼
买的新硬盘无法识别,怎么回事	硬盘无法启动系统	0	硬盘	硬盘|启动
求问w##ac##om的ct##l/ct##h##480这几款板子是光滑面还是类纸面?	用过w##ac##om##ba##mb##oo##pe##nc##tl-660和友基...	1	#l|#4	ba
u##g##8.0回转操作时找不到指定矢量怎么修复	找矢量logo	0	不到	矢量
cf元帅张一级得多少荣誉点啊?	十大元帅的故事	0	f元|少荣	十大元帅
《心墙》的原唱	月亮代表我的心,原唱是谁啊?	0	心墙	月亮代表|原唱
第二次世界大战中,攻克柏林的是?	柏林在哪个国家	0	第二次世界大战|克柏林	柏林
三星手机i##91##58玩什么都卡	三星i##91##58##p手机屏换了手机容易卡机有什么系统可以解决	1	三星手机	三星|1#|##
显卡风扇不转...(机箱正常放不转.横着放又转了)	救命..电脑机箱竖着放cpu风扇有时不转	1	风扇|机箱	救命|机箱
我家电脑能升win7吗?可以的话最好有升级方法	周易算命生辰八字	0	电脑|最好	周易
古代一时辰相当于:	瑞丽一时辰相当于:	0	古代|时辰	瑞丽|时辰
葱和蜂蜜一起吃会怎样	蜂蜜柠檬茶的制作方法	0	蜂蜜	蜂蜜柠檬茶
墨鱼在水中游泳的方向是:	宝鸡在西安的什么方向?	0	墨鱼|水中游泳	宝鸡|西安|方向
夏有乔木雅望天堂电影百度云资源分享一下啦	求夏有乔木雅望天堂电影百度云资源分享,谢谢	1	雅望|电影百度	雅望|百度
v##oc##al##oid##3编辑器度盘下载地址	求v##oc##al##oid##3软件下载地址	1	##a	##
中星9号的本振频率是多少?	中星9号的新闻稿频率是多少?	0	中星|本振	中星|新闻稿
杨贵妃是哪个皇帝的妃子	杨贵妃是哪个皇帝的不怕	0	杨贵妃|皇帝	杨贵妃|皇帝
红色警戒2尤里的复仇怎么下载?	红色警戒2尤里的复仇可以在哪里下载	1	红色警戒|尤里	红色警戒|尤里
港华紫荆燃气具怎么样?	港华紫荆燃具怎么样	1	紫荆燃气具	紫荆燃具
web前端开发有哪些技术论文	web开发技术和web前端开发技术有何不同	1	哪些	eb开发|eb前端
手表5a##tm防水指的是多少米?	手表的30米防水、50米防水是什么意思啊难道是指水压	1	手表	手表
大内密探零零发皇上是那个人演的	撕票风云演高达的那个人是谁	0	大内密探零零发皇上|人演	风云
天天有喜当中演白梅瑛的是谁	天天有喜里的知画是谁扮演的	0	天天有喜|梅瑛	天天有喜|知画
《听海》这首歌谁是原唱?	谁是“泡沫”的原唱	0	首歌|原唱	泡沫
亚热带适合发展什么业?	始建适合发展什么业?	0	亚热带|发展	发展
ps抠图后有毛边怎么处理?	毛边头在现在叫什么具体发型来着	0	s抠|有毛	毛边|发型
花绳操教学动作分解	健身绳操的花绳在那里买	1	花绳操教学动作	绳操|花绳
党组织在纪律审查中发现党员有其他违法行为,影响党的形象,应当视情节给予党纪处分	党组织在纪律审查中发现党员有民法规定的行为应当给予什么...	1	党组织|纪律	党组织|纪律|民法
特步是那个地方生产的	冀是那个地方	0	地方生产	
听歌很清楚,用yy录音就不清楚	为什么我用电脑录音出来的声音很清晰,可是我用	1	y录	电脑录音
我想做一份标书,有没有什么要注意的?	制作标书应注意的问题	0	标书	制作标书
有谁用过纳米补水仪吗?纳米补水仪真有用吗	纳米补水仪真的那么好吗为何那么火爆	1	纳米补水|纳米补水仪真	纳米补水
电工,电灯开关处火线零线都有电。	插座开关关上零线火线为什么都有电	1	电工|火线	插座|关上|火线
洗鞋和拖地的感受你知道吗?	洗鞋正确的顺序是怎样的	1	洗鞋|拖地	洗鞋|顺序
多拉a梦的别称是什么	哆啦a梦爱吃什么?	0	多拉	
《爱莲说》选自哪儿	《爱莲说》选自什么地方	1	爱莲说	爱莲说
谁知道ufo的全称?	谁知道寿光的全称?	0	o的	寿光|全称
李连杰第一任妻子	李连杰老婆叫什么	0	李连杰|任妻	李连杰老婆
曹操的爸爸叫什么名字?	视觉的爸爸叫什么名字?	0	曹操|爸爸|名字	视觉|爸爸|名字
非洲卖鞋的故事	用营销的观点评价非洲卖鞋这个故事	1	非洲	营销|观点|非洲
用你的,应该是,你的,应该是,你的,应该是,造句	造句笑话	0		造句
欧洲二战关于集中营的电影产自捷克	捷克老电影毁灭的发明	0	二战|集中营	捷克老电影
前两年红过的网络小说狼牙作者是…	狼牙中马爷老婆的扮演者叫什么	0	网络小说狼牙作者	狼牙中马|扮演者
《十年》这首歌歌手是谁	《十年》这首歌丹江是谁	0	首歌歌手	首歌丹江
新江湾城属什么区	昆明董家湾是那个区的?	0	江湾城属	昆明董家
如何让老婆变的风骚,可以接受3p	想让老婆变得风骚,能接受一些更刺激的事,怎么做...	1	老婆|风骚	老婆|风骚
奥拉朱旺是那里人?	林心如是那的?	0	奥拉朱旺	林心如
联通128##k手机成品卡(普通)和128##k白卡还有64##k白卡有什么区别?	联通3g手机卡中,128##k手机白卡和128##k手机成品卡有什么...	1	联通|#k|)和|#k	g手|28##|白卡|28
美丽的平度我的家历史论文	东北黑社会老大乔四怎么死的	0	美丽|平度	东北黑社会|乔四
软化头发能保持多久	软化能让头发变直吗	0	软化头发	软化|头发
,手伸进衣服里摸女友的乳房可以吗,她会同意吗,我该怎样摸?	乳房纤维腺瘤的治疗问题	0	衣服|女友|乳房	乳房纤维腺瘤
梦幻西游手游如何赚钱最快的速度	手游帝国ol战士加点	0	梦幻|手游	l战
福州纽世现货原油交易	1捅原油可以加工多少升汽油	0	福州|现货原油	原油|加工
唐诗《宋将军走好》	唐诗宋词元曲个两首.五言诗.词.曲	0	唐诗|将军	唐诗宋词|五言诗
家庭自制辣酱怎么做	如何在家里自制辣椒酱	1	家庭|辣酱	家里
我买的二手房供过财神,卖主走时候把财神请走了,请问我搬进去时候有什么讲究吗?	买的二手房供奉的佛菩萨和财神爷没搬走怎么办	1	二手房|财神|财神|讲究	二手房|菩萨|财神爷
植物大战僵尸2里更新后冰豌豆和西瓜等植物无法通过碎片收集来换取,其他植物的碎片也是进阶用的,难道	植物大战僵尸2更新后不能无限刷植物碎片	1	植物|豌豆|植物|碎片|植物|碎片	植物|僵尸|植物
第一台计算机的电子元件以什么为基础?	第一台计算机的工兵以什么为基础?	0	计算机|电子元件|基础	计算机|工兵|基础
小狗不吃东西,而且总是呕吐,怎么办。	狗狗为什么这两天不吃东西,老是呕吐	1	小狗|东西	狗狗|东西
我国唯一的两个皇帝合葬在一起的是唐高宗跟:	我国唯一的两个皇帝合葬在一起的是唐高宗跟谁	1	唯一|皇帝|唐高宗	唯一|皇帝|唐高宗
李四光预言四大地震有哪些?有合肥吗?	合肥属于四大地震带么,具体是指哪些地方	1	李四光|地震|合肥	合肥|地震带
wps怎么算百分比	wps表格百分比怎么算出来的	1		ps表格百
第一届亚欧会议在何地召开?	第一次世界大战后,战胜国在何地召开分赃会议	0	亚欧会议|召开	第一次世界大战|战胜国
关于小型微利企业的认定条件	申请小型微利企业的标准	1	小型微利	小型微利企业
请问一下谁知道我国最早的诗歌总集是什么?了解的告诉下哟,十分谢谢了9##n	湿地一下谁知道我国最早的诗歌总集是什么?了解的告诉下哟,十分谢谢了9##n	0	诗歌总集|谢谢	湿地|诗歌总集
怎么让大蒜头发芽	大蒜头发芽了还能不能吃呀急	0	大蒜头发	大蒜头发
取保候审后多久会判刑	取保候审后开庭后还会判决坐牢吗	1	取保候审	取保候审|开庭
天外飞仙里的小七是谁演的啊?	天外飞仙里的小七是哪个人演的啊?	1	小七	小七|人演
黄河壶口瀑布位于陕西与哪个省之间?	黄果树瀑布位于哪个省?	0	黄河壶口瀑布|陕西	黄果树瀑布
酒精属于什么物质	酒精又叫什么?	0	酒精	酒精
送父母到广西巴马过冬	奥巴马写的童话叫什么	0	广西巴马	奥巴马|童话
164##9年,被推向断头台的英国国王是谁?	英国王子大婚直播吗	0	,被推|断头台的	国王子|直播
氯水的颜色	氯水的五香	0	氯水	氯水
杭州丝瑞宝的丝绸怎么样导游带去会被黑吗	请教杭州卖丝绸的大商场。丝绸之府,丝瑞宝,丝博,丝绸世界...	0	杭州|丝绸|导游	杭州|丝绸|商场|丝绸|丝绸
围棋是哪个国家发明的	围棋是哪个国家布匿的	0	国家	国家布匿
谁能帮我找一下a.o.史密斯热水器说明书?	史密斯ce##w##h+热水器使用说明书	1	史密斯热水器	史密斯|w##
如何让假音唱出来好听?	假音应该如何唱才好听	1	假音唱出来	假音
时崎狂三的声优是谁?	凌波丽的声优是谁??	0	声优	凌波丽|声优
快乐大本营代言的游戏叫什么	快乐大本营新代言的游戏叫什么	1	大本营代言|游戏	大本营|代言|游戏
比萨城斜塔来自哪里??	比萨斜塔是用什么建筑材料建成?	0	比萨|斜塔	比萨斜塔|建筑材料
鸿雁歌词是什么?	杭州鸿雁开关插座	0	鸿雁歌词	杭州鸿雁
今天,天天向上唱的那首粤语《朋友》原唱是谁	今天,天天向上唱的那首粤语《朋友》的原唱叫什么	1	天天向上|粤语|原唱	天天向上|粤语|原唱
蜀绣是谁唱的啊	泡沫是谁唱的啊??	0	蜀绣	泡沫
林俊杰父母是哪里人	林俊杰生日?	0	林俊杰父母	林俊杰生日
网络游戏一级代理,二级代理,区域代理分别是什么?	什么是一级代理二级代理	1	网络游戏一级代理|区域代理	一级代理二级
假如给我三天光明内容简介	《假如给我三天光明》简介(主要内容)	1	光明	光明|内容
马琳之战孙膑用的什么计	马琳浮力孙膑用的什么计	0	马琳之战孙膑	马琳浮力孙膑
护照是空白的情况下,去哪些国家会比较容易得到签证。	越南护照及签证办理	0	护照|空白|国家	越南护照
柯南真人版的男主角是?	柯南真人版的男主角是哪个演员?	1	柯南真人版|男主角	柯南真人版|男主角
普通话等级划分	普通话等级分数划分	1	普通话等级	普通话等级分数
天书奇谈110级装备制作材料	天书奇谈里面制作装备的材料哪里弄啊谢谢了,大神帮忙啊	1	天书|0级	天书|谢谢|大神
《天才在左疯子在右》这本书属于心理学吗?	说说你对《天才在左疯子在右》这本...	1	天才|疯子在右|心理学	天才|疯子在右
无线路由器的作用是什么	无线路由的作用是什么	1	无线路由器	无线路
生理盐水的溶质是什么	生理盐水的硅谷是什么	0	生理盐水|溶质	生理盐水|硅谷
南美州与北美州的分界线是什么?	白令海峡是北美州和哪个洲的分界线???	0	南美州|美州|分界线	白令海峡|美州|分界线
匀加速聂玉声是否合法	匀加速聂玉声诈骗犯	1	聂玉声	聂玉声
13.简述操作系统的主要作用和功能。	操作系统的主要功能	1	述操作系|和功	操作系统
湛江冬季适合盖什么被子?	晒被子的味道就是太阳的味道吗	0	湛江冬季|被子	味道|太阳|味道
红米note##3全网通高配版是双卡吗	红米播放歌词慢怎么办跪求答案前不久买了台红米可是今天一...	0	红米|通高	红米|歌词|答案|红米
海关舱单指的是什么	关于舱单信息的问题	0	海关|单指	舱单信息
唐朝进入全盛时期是在谁统治时期?	唐朝进入全盛时期是在谁情人时期?	0	唐朝|全盛时期	唐朝|全盛时期|情人
辽国有哪些百战名将	央视的共和国名将系列电影共有几部	0	辽国有|百战	共和国名将系列电影
买房子找中介买和在售楼处买一样吗?哪个安全?没别的麻烦!	在中介买房是不是都会比售楼处便宜啊	1	买房子|售楼处	中介买房|售楼处
是谁拿着两把菜刀开始的革命?	十大元帅两把菜刀闹革命是谁呀?	1	菜刀|革命	十大元帅|菜刀闹革命
战五渣是什么意思	lol战5渣什么意思	1	战五	
排球的后排进攻是怎么做到的?	排球比赛规则,什么是后排进攻违例/	1	排球|后排	排球比赛|后排|违例
华伦世家的皮鞋怎样看真假	华伦世家皮鞋怎么样求大神帮助	1	华伦|皮鞋	华伦|皮鞋|大神
关于包拯的一首诗	《包拯》译文谁知道	0	包拯	包拯|译文
天水讼卦变水火未济卦求姻缘,怎么解?	求解姻缘在线等	0	水火未济|求姻缘	姻缘在线
监控安防未来的发展趋势,以及农村使用的普及型。	学监控安防前景如何	1	发展趋势|农村|普及型	监控|前景
郭家堂鼻炎膏有用过么?治疗效果怎么样?	郭家堂鼻炎膏	1	郭家堂鼻炎|效果	郭家堂鼻炎
世界上人口最稠密的国家是哪个国家	世界上人口最稠密的斯大林格勒战役是哪个斯大林格勒战役	0	世界|人口|国家	世界|斯大林格勒战役|斯大林格勒
旋风少女范晓莹偷看胡亦枫洗澡是在第几集?	旋风少女中范小莹偷看若白和胡亦枫洗澡的是哪一集	1	旋风|范晓莹|胡亦枫	旋风|若白|胡亦枫
网红陈曦12部,有的发下。必有重谢!	瓶邪陈曦	0	网红陈曦	
excel##2007中如何设置文本的有效性,以限制输入的文本	excel中利用数据有效性,如何设置使b列中文本只能在有效的...	1	20|7中如	利用数|设置
农民通常用黑光灯诱捕鳞翅目昆虫,这是利用昆虫的	《昆虫记》是法国哪位著名昆虫学家的代表作?	0	光灯|鳞翅目昆虫|昆虫	昆虫记|昆虫学家|代表作
一个月工资3200~370##0之间,该怎么理财?	如何理财工资2000	0	工资	工资
日本也有语言艺术的表演,那么这种表演形式叫什么呢?	日本也有语言艺术的中国中铁,那么这种中国中铁形式叫什么呢?	0	日本|语言艺术|形式	语言艺术|中铁|中铁形式
面部抬头纹严重怎么办?有可以较快改善的方法吗?	如何消除抬头纹,快速的方法最好	1	抬头纹|方法	抬头纹|方法
斑竹泪谁唱的	斑竹泪哪位唱的	1	斑竹	斑竹
小苹果音乐制作人是谁	小苹果原唱是谁?	0	小苹果音乐制作人	小苹果原唱
xp系统,上2g内存和上4g内存条差别有多大,明显吗?	2g和4g的内存条有什么区别篇干	1	上4g	g的内|什么
我国的森林覆盖率	我国的森林覆盖率大约为多少:	1	森林	森林覆盖率
最早通过实验测定出空气组成的科学家是谁	是哪位科学家最早通过实验测定出空气组成	1	实验|空气|科学家	科学家|实验|空气
工伤鉴定机构是什么	伤残鉴定是在哪个部门做的	1	工伤|机构	部门
请问谁知道加拿大温哥华排名前几的贵族幼儿园怎么查呀,包括学费,历史,环境等各个	加拿大的温哥华的气候如何	1	温哥|幼儿园|学费	加拿大|温哥|气候
急救热线电话是?	蚕室热线电话是?	0	热线电话	蚕室热线电话
生份证过期了,可有急着办电话卡,拿过期身份证去办,营业员又说办不成,咋办!	现在身份证过期了还能办电话卡吗急	1	生份|过期|过期|营业员	身份证过期|电话卡
炫舞时代玩的就是心跳称号怎么获得	炫舞时代玩的就是心跳称号怎么65##53##3	1	时代|称号	时代|称号
有没有关于同学之间的友情!和兄弟之间的感动的电影?	有没有好看的描述朋友之间,友谊兄弟情义的电影	1	同学|友情|电影	友谊兄弟情义
国画名品《泼墨仙人》是谁的作品?	请问国画《送子天王图》是谁的作品?	0	国画名品|泼墨	国画|天王|作品
梦特娇是哪国的品牌	起亚是哪国的品牌	0	梦特娇	起亚
丁磊是谁??有知道的吗?	丁磊是谁	1	丁磊	丁磊
word##2010开始选项卡上有哪些功能组有对话框启动器	在word##2010中如果在文档中插入符号可单击插入选项卡什么.....	1	##2	20|文档|入符号
世界上最早使用火枪作战的国家是?	世界上最早使用火枪作战的国家是哪个	1	世界|火枪|国家	世界|火枪|国家
我的鼠标自己会动--我一放在桌子上就乱动,一拿起来就不动了	关于鼠标加点按键精灵	0	鼠标|会动|桌子	鼠标加点
无印良品的一首歌有一句“我愿为你擦拭xxxx,相片日记书签……”那歌叫什么~?	有一首歌叫“没那么简单”是谁唱的?	0	无印良品|xx|片日	首歌
材料成本差异如何结转要详细点的说明	材料成本差异是什么意思,它在结转的时候应转入哪...	1	材料成本差异	材料成本差异
性交时,男友总是先摄。做爱舒服吗?为什么,我的胸部还有阴唇,男友总是在性交时舔!!为什么呢	阴唇颜色和做爱次数有关吗	0	性交时|男友|阴唇|男友|性交时	阴唇颜色|次数
中国第一个获得世界乒乓球锦标赛女子单打冠军?	中国第一个获得小明女子单打冠军?	0	世界乒乓球锦标赛女子单打冠军	小明女子单打冠军
营业执照经营范围变更后,国税地税变更需要哪些手续	公司营业执照经营范围变更了,国税地税也需要	1	营业执照经营范围|地税	营业执照经营范围|地税
一般台球桌品牌都有哪些啊。	台球桌什么牌子好	1	台球桌品牌	台球桌|牌子
兰陵王里饰演郑儿的是谁?	色球里饰演郑儿的是谁?	0	兰陵王|饰演郑儿	色球|饰演郑儿
此夜曲中闻折柳的折柳指的是什么	此夜曲中闻折柳中的折柳是什么意思	1	夜曲中闻折柳|折柳	夜曲中闻折柳|折柳
百度云刚刚注册是多少内存?	求世界上的著名内存供应商	0	百度|内存	世界|内存
请问去医院看病人要送什么花?	人民医院有中医科吗	0	医院|病人	人民医院|中医科
木兰是一个怎样的人	花木兰是一个什么样的人	1	木兰	花木兰
我老公的阴茎上长小疙瘩,是怎么回事?	我的阴茎上长了个小疙瘩是怎么回事	1	老公|阴茎|疙瘩	阴茎|疙瘩
钱小豪哪个电影叫张北平	燕窝哪个电影叫张北平	0	钱小豪|电影	燕窝|电影
孟郊是哪个朝代的人	嵩阳是哪个朝代的人	0	孟郊|朝代	嵩阳|朝代
求一篇适合五年级学生听的故事。谢谢!	我要1首经典1分钟小故事,要适合五年级学生的,不...	1	五年级学生|谢谢	经典|五年级学生
全世界海洋的名称??	2011海洋迷笛音乐节为什么选在日照举行	0	全世界海洋	011海|么选
怎么做一个真正的男子汉	怎么做才是真正的男子汉	1		
求鲁宾逊漂流记读后感400字左右,不许是复制的,要五年级的水平,谢谢!	《鲁滨逊漂流记》读后感400字左右谢谢	1	鲁宾逊漂流记读后感	鲁滨逊漂流记|读后感
我在上海工作,原籍在石家庄,在天津上的大学.请问我毕业后档案最好放到哪?还有我的报到证该怎么办?	在外地上大学,毕业后回天津工作,我的档案接受单位应该填...	1	原籍|石家庄|报到证	地上|档案
为什么我做的双皮奶不能凝结	我做的双皮奶怎么不凝固	1	双皮奶	双皮奶
《我与地坛》作者是谁?	《我与蟒蛇》作者是谁?	0	地坛|作者	蟒蛇|作者
一段《阿甘正传》里插曲的名字	阿甘正传里面的一段插曲叫什么名字	1	阿甘正传|插曲	阿甘正传|插曲
谁能告诉我一个可以设计房子装潢的软件	谁能告诉我一个可以设计房子装潢的湘夫人	0	房子装潢	房子装潢
张衡是汉朝著名的什么人	张衡是古时候著名的什么人	0	张衡|汉朝	张衡|古时候
易企秀怎么把别人的编辑成我们的	怎样保存和修改别人制作的易企秀	1	易企秀|编辑	制作
vivo##y##11刷机找不到刷机包怎么办?	想刷机,但是满世界都找不到vivo##y##11的rom包怎么办	1	o#|#1	世界
中国第一个获得奥运会金牌的运动员是谁?	中国男子第一个获得奥运会金牌的运动员是谁?	1	奥运会金牌|运动员	奥运会金牌|运动员
一个狗一个火一个人一楼房成语	一个成语故事的动画片	0	楼房	
2010年世界杯阿根廷的主教练是谁?	阿根廷获得几届世界杯冠军?	0	10年世界杯|根廷的	阿根廷|世界杯冠军
八月中旬乐山,峨眉山旅游咨询	想八月中旬去峨眉山,星期天上午出发,星期一下午返回成都...	1	八月|乐山|峨眉山	八月|峨眉山|星期天
cf用搜狗拼音输入法怎么打空白名	搜狗输入法怎样打cf空白字	1	狗拼音输|打空	搜狗输入法
西裤配什么鞋子好看	西装(西裤)品牌哪些比较好	0	西裤|鞋子	西装|品牌
白术泡米醋可以吗?	米醋泡鸡蛋	0	白术|米醋	米醋
淘宝申请免费试用一般审核需要多久?	淘宝上的免费试用是怎么回事	0	淘宝|免费试用	淘宝|试用
如何共享别人的打印机	如何和别的电脑共享一台打印机	1		电脑
古代说的止血的东西叫什么	有没有甚么东西可以止血	1	古代|东西	东西
圣斗士星矢的作者是谁?	圣斗士星矢的作者是哪一个?	1	圣斗士|作者	圣斗士|作者
别再说的歌词	前面几句歌词是,别再说你有点寂寞,别再说	1		句歌词
电脑管家加速球显示的百分数什么	电脑管家加速球显示百分之80多,清理一下也不行,怎么办	1	电脑管家	电脑管家
物业办对小区居民的停车,强行收取费用,并出租车位,合不合物业管理条例	请问小区物业把小区内地上停车位出租合...	1	出租车|物业管理	小区物业|小区|停车位
如何做好农村维稳工作	什么是维稳工作	0	农村	
蛋白质最终在哪被消化成氨基酸	蛋白质最终在哪被消化成兄妹	0	蛋白质|消化	蛋白质|消化
铁道游击队的主人公是谁	铁道游击队小说主要人物	1	铁道游击队|主人公	铁道游击队小说
什么样的商业模式吸引风险投资者	创投是一种什么样的商业模式	1	商业模式|风险	创投
“中国人民志愿军军歌”的曲作者是:	中国人民志愿军战歌的词作者是?	0	中国人民志愿军军歌|作者	中国人民志愿军战歌|词作者
g##ue##ss是什么牌子香水	521##9是什么牌子	0	#s	
潘金莲是那里人	潘金莲的家乡在哪	1	潘金莲	潘金莲|家乡
龙珠超宇宙能解锁多少人物,感觉好少啊。	龙珠gt的主题曲叫什么	0	龙珠超宇宙|感觉	龙珠|的主题
荔枝蜜的原文作者是谁?	毛细血管蜜的原文作者是谁?	0	荔枝蜜|原文作者	毛细血管|原文作者
我的玫瑰卓玛拉歌词	有一句歌词是你是我的玫瑰我的花是什么歌	1	玫瑰|玛拉	句歌词|玫瑰|花是
红楼梦中对黛玉的描写“两弯似蹙非蹙[UNK]烟眉……”,[UNK]烟眉,怎么解释呢?是说的形状,还是体态呢?	"关于红楼梦赞美林黛玉的诗句的题目是什么""两弯似..."	1	红楼梦|黛玉|是说	红楼梦|林黛玉|诗句
怎么从街道提档案?	会计档案保管期限	0	街道|档案	档案
vpn是什么网络	w##lan网络是什么	0		#l
qq怎样把头像跟皮肤一样	如何让头像和qq装扮皮肤一致	1	把头|跟皮	头像|扮皮
求超级微信鹏飞超人	姜鹏鹏飞无限激情斯卡拉里和几个女的唱的那首dj英文歌曲叫什...	0	微信鹏飞	姜鹏|卡拉里
求半圆中阴影部分的面积	半圆里面一个三角形求阴影部分的面积	1	半圆|阴影	半圆|三角形|阴影
“顺延”英语怎么说	求英语情景对话	0	英语	英语情景
罗马大角斗场在哪个国家?	罗马大克莱蒙在哪个国家?	0	罗马|角斗场|国家	罗马大克莱蒙
池昌旭治愈归来旋风少女2里有这一片段吗	刚看了旋风少女2直播,发现结尾的时候,,,,,求一张池...	1	池昌旭|旋风	旋风|直播|结尾
求天使彦的高清大图,想用来作壁纸之类的	看到一张图片想用来做壁纸,奈何不是高清的,特求出处或高...	1	天使|高清|壁纸	壁纸|高清|特求
教师编制问题	针对教师心理问题,如何进行自我调适	0	教师	教师心理
小孩子夜间咳喘痰多	痰多的食疗、治疗	0	小孩子夜间咳喘	食疗
求ae##cs##6中文版的视频教程教学。最好是百度网盘。谢谢。	adobe.pre##mi##ere.pro.cs##6.或者cs##5中文...	1	#cs|#6中文|教学。	er
qq飞车怎么卡宠物坐骑2016	qq飞车怎么卡宠物坐骑啊	1	q飞|物坐	q飞|物坐
个体工商户、个人独资企业要为雇佣的员工办理养老保险吗?	个体工商户如何为员工办理养老保险	1	工商户|个人独资|养老保险	工商户|员工
我买的高铁票,座位号是01车13##d号,一等座,什么意思啊?	高铁票上的04车01##b号是什么意思	1	高铁票|座位号	高铁票
显微镜怎样连接电脑	显微镜如何连接到电脑上	1	显微镜	显微镜|电脑
6米2的货车一年的保养费要多少钱	汽车一年的保养费用有多少	1	货车|保养费	汽车|费用
纹身图案价格	纹身图案价钱	1	纹身图案	纹身图案
骨质增生是怎样形成的,怎样可以治疗,使其恢复!	骨质增生是怎么形成的	1	骨质增生	骨质增生
三棵银杏树的作者是谁?	三棵银杏树的二氧化碳是谁?	0	银杏树|作者	银杏树|二氧化
四大盆地中位于第一阶梯的是哪一个	黄土高原位于第几阶梯?	0	四大盆地|阶梯	黄土高原|阶梯
林黛玉的作诗称号是什么	林黛玉的人物书名是什么?	0	林黛玉|作诗称号	林黛玉|人物书名
钟欣桐演的仙乐是什么剧	钟欣桐是哪的人?	0	钟欣桐|仙乐	钟欣桐
“我住长江头,君住长江尾。日日思君不见君,共饮长江水。此水几时休,此恨何时已。只愿君心似我心,定不负相思意。”这是哪个人的词?	谁的词是“我住长江头,君住长江尾。日日思君不见君,共饮长江水。此水几时休,此恨何时已。只愿君心似我心,定不负相思意。”?	1	长江|长江|长江|几时休|愿君	长江|长江|长江|几时休|愿君
干粉灭火器,二氧化碳灭火器,推车式泡沫式灭火器,各自的特点和适用范围,急急急急	干粉灭火器,121##1灭火器,二氧化碳灭火器和泡沫灭火器的特...	1	干粉灭火器|灭火器|泡沫式灭火器	干粉灭火器|1##|灭火器|二氧化|器和泡
女性在社区专职工作者面试应该怎样着装?我借了套西装,上衣正好,西裤有点宽,感觉不好。必须穿正装吗?	社区专职工作者面试	1	专职|西装|感觉不好	社区专职工作者
中药贵吗?	中药消炎药有哪些	0	中药	中药消炎药
工地夜间施工噪音扰民去哪里投诉?	小区旁边工地夜间施工噪音扰民,该怎么投诉	1	工地|噪音扰民	工地|噪音扰民
秦朝行政示意图反映了什么制度?	秦朝行政男士反映了什么制度?	0	秦朝|示意图|制度	秦朝|男士|制度
被告人如果请不起律师,在法庭上可以为自己辩护吗?或者让自己的亲属出庭辩护吗?	中华考试网的律师资格证网络培训怎样	0	被告人|亲属出庭	中华考试网|资格证
有谁知道无锡广瑞路2号人力资源市场星期几开门?周末开门吗?离火车站远吗?是几点到几点?	无锡广瑞路2号人力资源市场乘无锡公交23路到什么...	1	广瑞|人力资源	无锡广瑞|无锡
全球首名试管婴儿出生是在哪年?	詹姆斯哪年出生	0	全球|试管婴儿	詹姆斯
八字能不能决定人的一生,求大神告知	八字成语大全	0	八字|大神	八字成语
找一首英文小诗	求原创英文小诗一首	1	英文	原创英文
我国第一个王朝什么代替禅让制啊	新莽王朝灭亡被什么王朝代替?	0	王朝|禅让制	新莽王朝|王朝
小时侯,母爱融在乳液里,吮着它,香甜甜。上学后,母爱()。	关于母爱的文学作品	0	母爱|乳液|香甜|母爱	母爱
大嘴巴里面的dj叫什么?	舌头下面的筋叫什么	0	大嘴巴	舌头
奥运会的由来(简洁)	奥运由来(简短,100字以内)	1	奥运会	奥运
云南在我国属于什么方向	甘肃属于什么方向	0	云南	甘肃
交通银行三亚支行的cn##ap##sco##de是什么??在线急等!!	如何查银行cn##ap##s	1	交通银行三亚|co	银行
胸罩a7##5是什么意思	胸罩的大小怎么算啊比如36##d是什么意思啊	0	胸罩	胸罩|大小
从贵州盘县到四川省宜宾市有多少公里?自驾游怎么个走法	现在贵阳到盘县的客车票价是多少	0	盘县|宜宾市	贵阳|盘县|票价
合川区的邮编	重庆合川的邮编是多少	1	合川	重庆合川|邮编
科比是什么种族的人?	科比父母及其祖先人种	1	科比|种族	科比|祖先
郑恺参加过什么综艺节目,要全部的哦	除奔跑外,郑恺参加过的综艺	1	郑恺|综艺节目	郑恺
苹果的ib##ea##con##s技术,这个单词怎么读,注明音标谢	音标学习软件	0	,这个	音标
问:问:学习戏曲妆造型,最好是从零基础入门的,广州哪里可以学习。	请给我发份戏曲mp3,收音机内存卡用的,谢谢	0	戏曲|入门	给我发|音机内
美国的载人宇宙飞行始于哪年	美国的载人宇宙飞行始于多少年	1	美国|载人宇宙	美国|载人宇宙
京剧《群英会》中“周瑜”的行当是:	全世爱《群英会》中“周瑜”的行当是:	0	群英会|周瑜|行当	群英会|周瑜|行当
穿着鞋底有花纹的运动鞋打球,是为了增大什么?	穿着贫困地区有花纹的运动鞋打球,是为了增大什么?	0	鞋底|花纹|运动鞋	贫困地区|花纹|运动鞋
村上春树写的第一本书叫什么	左耳这本书是谁写的?	0	村上春树|第一本书	左耳
你好,我想请问一下,九六年的红色一元纸币值钱吗,值多少	小红从电视机中知道新疆地区发生雪灾,她想把零花钱捐给灾区小...	0	你好|想请问|纸币	小红|新疆地区|雪灾
红高粱是谁写的	1987年拍红高粱的时候女主角是谁?	0	红高粱	7年拍|的时候
谁是千万英国巴林银行破产的罪魁祸首?	英国巴林银行是在什么时候破产的?	0	巴林银行|罪魁	英国巴林银行
wd##z一by##j##f是啥电线	如何计算电线所能负载电流	0		电线
皮皮麻将作弊器四川遂宁有没有	请问皮皮四川麻将真有作弊器吗	1	皮皮|作弊器|遂宁	皮皮四川麻将|作弊器
山里红是指什么	wto是指什么?	0	山里红	
杭州开思工业设计有限公司怎么样	有哪些工业设计公司在杭州	1	杭州|工业|有限公司	工业设计
2016年黄历	2016年老黄历6月19日是什么日子	1		16年
2016招兵时间和条件	2016征兵时间及要求	1	016招	6征
弹吉他按弦手疼	谈吉他左手按弦很痛,怎么办	1	吉他	吉他
股票放量是什么意思	股市什么叫做放量啊	1	股票	股市
赤峰归哪里管	寒江雪归哪里管	0	赤峰	寒江雪
苏轼的蝶恋花诗词。。	苏轼的蝶恋花中的千古绝句	1	苏轼|蝶恋花诗词	苏轼|蝶恋花|千古
急月经第二天属于什么期	这个月经安全期怎么算	0	月经	月经安全期
cf好号和密码大全真的有英雄级的	英雄联盟有魔兽世界复杂吗	0	和密|有英	英雄联盟|魔兽
夸父追日是什么体裁	芦花荡的体裁是?	0	夸父	芦花|体裁
浓硝酸应该用什么试剂瓶盛放	夜间通过隧道应开启什么灯?	0	硝酸|试剂瓶	夜间|隧道
学专科的物联网运用技术,就业前景如何,工资如何	我想问一下物联网应用技术是个什么专业。要学些什...	1	专科|联网|前景	联网|专业|要学
葛美养生粥的做法	葛美养生粥在哪里买的到。超市买的到吗	1	葛美	葛美
汕头新海员问题!	汕头市新海员的投诉员工电话	1	汕头|海员	汕头市|海员|员工
花呗关闭了还能开通吗支付宝花呗关闭后怎么再开通	支付宝花呗关闭了怎么办,花呗关闭了还能再开通吗	1	花呗|支付宝花呗	支付宝花呗|花呗
全新国版全新macbook##air##12寸土豪金多少钱?	新12寸macbook与新macbook##air哪个好全方...	1	国版|oo	与新
如何在win8下安装win7虚拟机	win8安装win7虚拟机有什么用怎么安装...	1		安装w
土耳瓜(蔬菜)的书面语言叫什么?	邮局瓜(蔬菜)的书面语言叫什么?	0	土耳|蔬菜|书面语言	邮局|蔬菜|书面语言
上海电影新股什么时候开盘	新股上海的市值可以配售深圳的新股吗	0	上海电影新股	新股|市值|配售|新股
电影十月围城的导演是谁?	《活着》这部电影的导演是谁?	0	电影十月围城	电影
在“世外桃源”这个典故中,那个武陵的打鱼人是从什么地方进入桃花源的?	在“世外桃源”这个典故中,那个武陵的荷娜是从什么地方进入桃花源的?	0	世外桃源|打鱼人|桃花源	世外桃源|荷娜|桃花源
含有艺术的网名,	如何把qq网名改成艺术字	0	艺术|网名	q网|成艺
“席梦思”三个字源于什么?	“席梦思”三个字克什米尔什么?	0	席梦思	席梦思|克什米尔
许嵩歌曲《庐州月》中的庐州在哪里?	许嵩老家是哪里的?	0	许嵩歌曲|庐州|庐州	许嵩老家
西游记小故事梗概	西游记每集的故事梗概	1	西游记	西游记
异地车进京需要办什么手续,周六想去北京接人第一次去	领养孩子需要到哪里去办正规手续	0	异地|周六|北京	领养孩子
皇后成长计划2怎么触发吕四娘牵红线需求友好度多少?	皇后成长计划2怎么触发刺客事件	1	皇后|吕四娘牵红线	皇后|刺客
徐悲鸿的最著名的作品是什么动物	欧洲最著名的山脉是什么	0	徐悲鸿|作品	欧洲|山脉
红色电影观后感400字	革命前辈影片或抗日英雄影片观后感400字	1	红色电影观后感	影片|抗日|影片观后感
张杰是那个城市的奥运火炬手	张杰是这个城市的奥运火炬手	1	张杰|奥运	张杰|奥运
我的微店交易信用卡限额了,要我提供(最近三笔信用卡支付订单的购物凭证)来申请取消限额。是什么意思	交通银行信用卡网上购物,限额每日,每单500元,以前都是5...	1	微店|信用卡限额|信用卡|限额	交通银行信用卡|购物
英语阅读题!帮我一下啊!谢谢了	英语阅读考试的答题方法	1	英语|谢谢	英语|考试|答题
军校博士毕业是少校军衔,那是不是博士一毕业分配家属就能随军?还有...	部队随军政策	0	军校博士|博士|毕业分配	部队随军政
我想问下我这三条鱼是什么品种的金鱼?比较好养吗?还有我这两种饲料喂这两种中哪一种比较好一点?	我养了六只很小的金鱼,要喂多少粒饲料啊。大概多久喂一次	1	品种|金鱼|饲料	金鱼|饲料
夏天做手术好吗	骨不连手术夏天做好吗	1	夏天做手术	手术夏天
早婚刑克是什么意思	早婚与晚婚的优缺点	0	刑克	晚婚
男的左边脸上有两个大黑痣,好还是不好	男的是不是很介意女人脸上有一个比较大的明显的痣啊,	1	脸上|黑痣	女人脸上
党员违反了哪些方面的纪律会受到党的纪律处分	党员违反党纪都要受纪律处分吗	1	哪些方面|党的纪律	党纪|纪律处分
近代作家罗曼.罗兰是哪个国家的	近代文学作家冰心在中国哪个城市逝世?	0	近代作家	近代文学作家冰心
起亚k2和大众polo质量相差大吗?都是手动的,比较下啊	大众两厢polo和起亚k2那个性能和质量好一点	1	起亚|吗?	两厢|lo
星期日休息有没有工资?	月工资计算方法	0	星期日|工资	月工资
lv包是哪个国家的品牌呢?	送春包是哪个国家的品牌呢?	0	个国|的品	送春|国家|品牌
如何永久保存搜狗浏览器上自己设置的快速通道?就是说重装电脑之后,原来的设置也可以方便的找回来!	搜狗浏览器里怎么设置页面大小为125%是固定的设置因为...	1	设置|快速通道|重装|设置	搜狗|设置页面|定的
我qq的微信号被别人手机号绑定了,我登不上,请哪位搞人指点解除啊,感激不尽啊.	手机号被别人的微信号绑定如何解除绑定	1	人手机|,感激不	手机号|信号
兴城疗养院(兴城的朋友进来,重赏)	辽宁兴城温泉疗养院电话	0	兴城疗养院|兴城|朋友	兴城温泉疗养院
被大学录取后,不去上可以吗。	香港大学近年录取分数线	0	大学	香港大学近年
微信位置共享黑屏怎么了	开机黑屏有自检	0	微信|黑屏	开机黑屏
爱在何方的姜义利是谁演的?	姜超的妻子是谁	0	义利	姜超|妻子
苹果手机被锁了怎么解锁密码忘了	苹果手机锁住了怎么解锁.自己忘记密码试锁住了	1	苹果手机|密码	苹果手机|忘记密码
同城结算方式有哪些	什么是结算方式常见的结算方式有哪几种	1	方式	方式|方式
三星s7##ed##ge屏幕是什么材质?为什么这么容易碎	电脑屏幕的壁纸,破碎的感觉。	0	三星|#e|ge	电脑屏幕|壁纸|感觉
玉林师范学院的商务英语专业是在哪个校区	渭南师范学院是哪个省的	0	玉林师范学院|商务英语	渭南师范学院
哪个银行执行中央银行的职能?	中银指的是哪个银行?	0	中央银行|职能	中银|银行
华为mate##7手机输入界面变小了怎么办	华为t2##010手机怎么样	0	华为|7手	华为|##
八上八下英语单词表	八下人教版英语单词表	1	八上|英语单词	人教版英语单词
《倩女幽魂》中的小倩是谁?	人鬼情缘聂小倩是谁演的	0	倩女幽魂|小倩	情缘聂小倩
元宵节燃灯的习俗起源于哪个教派?	敦煌艺术源于哪个教派	0	元宵节燃灯|教派	敦煌艺术
沈阳,工会会员卡有什么用?企业建会的流程,企业建会有什么用	工会会员是什么	0	会员卡|企业建会|企业建会	工会会员
华硕电脑升级win10产品密钥是什么	刚买的华硕笔记本win10系统要激活码	1	华硕电脑|10	华硕
有个韩剧里有一个叫车凤馨的女主角,那部韩剧叫什么名字?	有一个动漫人物叫宙斯,那部动画片叫什么名字?	0	韩剧|女主角|韩剧|名字	动漫|宙斯|动画片
但愿人长久,千里共婵娟是描写什么节日的诗句	但愿人长久,千里共暴走漫画是描写什么节日的诗句	0	婵娟|节日	暴走漫画|节日
如果被骗进传销没有发展下线要判刑吗?(因为我情况很特殊,没有任何朋友,	降低传销入罪标准,发展下线不构罪的均行拘能否有效打击传..._百度派	1	发展下线|朋友	下线|均行|百度
什么是热力学温标?它和摄氏温标的换算关系是什么?	摄氏温标单位的规定	0	热力学温标|摄氏温标|关系	摄氏温标单位
如何查询电信手机话费余额?	电信用户如何查话费使用情况	1	电信|话费余额	电信用户|查话费
在中国近代史上,清政府同外国签订的不平等条约中,赔款最多的是:	当年清政府签订的割让台湾的不平等条约是什么?	0	近代史|条约|赔款	清政府|台湾|条约
广州到宜宾的直达客车哪里买票	宜宾有几个汽车站	0	宜宾|客车	宜宾
阿拉伯地区的人是什么人种	什么人种是阿拉伯地区的	1	阿拉伯地区	人种|阿拉伯地区
关于开增值税专票和增值税普票的区别??	进项发票管理软件哪家好用	1	增值税|增值税普票|区别	进项发票管理软件
我想了解一些赞美女孩的古文诗句,请教各位了!	古人诗句赞美庐山,西湖速度	0	赞美|古文诗句	诗句|美庐山
微信发大文件视频50##m---100m怎么能发出去	微信深夜福利视频哪里有	1	文件视频	微信深夜福利
怎样设置wifi连接数量	无线网络怎么设置连接人数	1	设置	无线网络|设置
比什凯克是哪个国家的首都	金斯敦是哪个国家的首都?	0	比什凯克|国家	金斯敦|国家
不值得、哪位歌手唱的?	<想唱就唱>原唱是哪位歌手?	0	歌手	原唱|歌手
男子一万米世界纪录多少?	男子万米跑世界纪录是多少	1	男子|世界纪录	男子|世界纪录
海贼王2年后路飞会不会仍然打不过黑胡子因为黑胡子已经拥有双果实2年以后应该会熟练震震果实	如果路飞不吃两个果实的话,怎么打的过黑胡子。我...	1	飞会|胡子|胡子|震震	路飞|黑胡子
员工第一次办理社保,需要准备一些什么资料?	社保办理流程	0	员工|办理社保	社保办理
中国非物质文化遗产产权交易所是骗子公司吗???	中国非物质文化遗产产权交易所交易正规吗产品正规吗	1	文化遗产产权|骗子	文化遗产产权交易所
戊戌己亥庚子辛丑壬寅癸卯分别是哪一年?	甲辰癸卯壬寅辛丑庚子己亥是哪几年	1	庚子辛丑	甲辰|辛丑庚子
深圳如何申请护照	护照申请表照片问题	0	深圳	护照申请表照片
自古有”奇险天下第一山”之称,是著名的道教胜地的是	有“亚圣”之称的是谁?	0	奇险天下第一|胜地	亚圣
含8.0##gn##ao##h的溶液中通入一定量h2##s后,将得到的溶液蒸干,称得7.92##g无水物固体a	中通快递客服电话多少	0	##|h2##	中通|客服电话
雷锋是哪里人?	雷锋死在哪年	0	雷锋	雷锋
笔记本外接显示器无法调到最佳分辨率(1920-1080、24寸显示器)	笔记本电脑连接显示器无法输出1920##10##8...	1	笔记本|接显示器|分辨率	笔记本电脑|显示器
藏文吉祥如意怎么写	吉祥如意藏文怎么写	1	藏文吉祥如意	吉祥如意藏文
什么是证券的红冲蓝补、资金的红冲蓝补	国信证券手机软件问题	0	证券|红冲蓝|资金|红冲蓝	国信证券手机软件
我在快玩下载好的求生之路2怎么样才能在我的电脑找到求生之路2的文件夹	在快玩游戏盒下载的求生之路2安装问题	1	电脑	玩游戏
高考专科补录时间是多会?	(高考)专科学校什么专业好	0	专科|时间	专科学校|专业
“cad”的意思是	rmb是啥意思	0		
哪有办危险品押运证的	请问危险品押运证在哪里办和联系方式	1	危险品	危险品
张国立在济公新传里演谁?	隋炀帝在济公新传里演谁?	0	张国立|济公新传	隋炀帝|济公新传
pdf是什么格式	pdf文件格式转换	1		df文件
血糖高,吃药降到6.5后,还要不要继续吃药?	高血糖6.5应该怎样控制,需要吃药吗	1	血糖高	高血糖
喷漆是否需要办理环保	喷漆工艺	0	喷漆|办理	喷漆
萧焱是哪本小说的主角	哪本小说的女主是君慕倾	0	萧焱|小说	小说|女主
庐山位于哪个省	谁的心位于哪个省	0	庐山	谁的心
有没有类似时空历练记的快(综)穿文?	求快穿,综穿小说,类似时空历练记,诺澜的穿越之旅之类的...	1	时空历练	小说|历练|诺澜
怎么使用鸵鸟油治鼻炎	鸵鸟油霜剂治不治鼻炎	1	鸵鸟油治	鸵鸟|霜剂
猪八戒的兵器叫什么名字啊??	陈道明的老婆叫什么名字啊?	0	猪八戒|兵器|名字	陈道明|老婆|名字
汉字24##×##24是什么意思?	汉字的演变过程是什么	0	汉字	汉字|过程
现在有个娱乐节目是猜谁是真假会唱歌的对口型的叫什么名字	说网上说的真假那个综艺节目叫什么名字	1	娱乐节目|唱歌|对口型	网上|真假|综艺节目
猫属于哪科动物	老鼠属于哪类动物	0	猫属	老鼠
学习雷锋好榜样歌词	学习雷锋好榜样完整版歌词	1	雷锋好榜样	好榜样完整版
丑女无敌李安瑞是谁扮演	丑女无敌里的林无敌是那个演的?	0	丑女|李安	丑女
如何用微信支付为支付宝充值用户余额	怎么给微信支付给网易余额宝充值	1	支付宝充值	网易余额
v##joy虚拟手柄怎么开启24个按键	实况手柄标准按键设置	0	oy	实况手柄|按键
河南郑州市个税起征点多少?税前440##0元缴纳完五险一金扣了440元个税?咋算的?谢谢	我想知道我该岗位的税前工资是多少,我这个岗位每个月扣个...	1	起征点|元缴	岗位|税前工资|岗位
蒲松龄是哪个朝代的	蒲松龄的故居在	0	蒲松龄|朝代	蒲松龄|故居
飞信是谁开发的?	信客是谁的诗	0	飞信	信客
退休职工受聘遇车祸是否可以算工伤	工伤退休待遇	0	退休职工|车祸	工伤退
清朝最后一个皇帝是:	清朝最后一个皇帝是谁。	0	清朝|皇帝	清朝|皇帝
大明宫,在哪个城市?	近代文学作家冰心在中国哪个城市逝世?	0	大明宫|城市	近代文学作家冰心
硬木的品种介绍	明清家具几种常用木材介绍	1	硬木|品种	明清家具|木材
《赤色小子》是谁写的	功夫小子是哪个公司开发的?	0	赤色小子	功夫小子|公司
cf徽章击杀图标怎么隐藏?	我的电脑输入法图标被我设置隐藏了,如何恢复	0	f徽|杀图	电脑输入法图标
早上起床牙龈出血严重是怎么回事	为什么早上醒来,牙龈出血	1	早上|牙龈	早上|牙龈
恢复出厂设置算刷机吗?	恢复出厂设置等于刷机么	1	出厂设置算刷机	出厂设置|刷机
李大双的妻子是谁	李小双、杨威都是哪个省的人?	0	李大双|妻子	李小双|杨威
乡村爱情刘能扮演者叫什么?	乡村爱情刘英真名叫什么?	0	乡村爱情刘能扮演者	乡村爱情刘英真
东莞哪里有南航代售网点?	谁能告诉我南航快乐飞机票能在当地机票代售网点定...	1	南航代售网点	南航|飞机票|代售
亚洲第一个主办夏季奥运会的是哪个城市	亚洲第一个主办冬奥会的城市是	0	主办夏季奥运会	亚洲|主办冬奥会
包公是什么年代的人	梁国,是什么年代	0	包公|年代	梁国
中国牡丹城,牡丹之乡地址在那里	我国的牡丹之乡指:	0	中国牡丹|牡丹|地址	牡丹
造字工房非商用字体有版权风险吗	造字工坊字体非商用,如果用于logo会被告吗	1	造字工房|字体	造字工坊
哪个播放器可以看tvb翡翠台?	什么播放器可以直播看翡翠台	1	播放器|vb翡	播放器|直播
cat##ti英语二级笔译难度有多大?通过率多少?	求cat##ti全国翻译水平资格考试笔译二级的...	1	#ti英|度有多	国翻译水平资格考
青岛社保卡丢失怎么补办?	青岛市社保卡丢了,去补办说是现在旧的不能补办了...	1	青岛社保卡	青岛市社保卡
魔兽世界7.0好战角斗士装备该怎么获得,好像不能用征服点了,该怎么获	魔兽世界好战角斗士的套装获得方式	1	魔兽|角斗士装备	魔兽|角斗士|套装
中医认为肾脏什么时候工作	请问如果肾脏有病中医把脉能检查的出嘛	0	中医|肾脏	肾脏|中医把脉
定的机票,怎么看座位?值机是什么意思?	网上值机什么意思	0	机票|座位|值机	网上值机
强光下怎么拍照	如何在阳光下拍照	1	强光	阳光
第一包方便面诞生在哪个国家?	lv包是哪个国家的?	0	方便面|国家	个国
一个反犬旁+一个孔字念什么???	一个反犬旁一个黄字念什么啊	1	反犬旁|孔字念	反犬旁|黄字念
信仰歌词	信仰的力量有多大	0	信仰	信仰|力量
花溪到贵阳北站打嘀多少钱?	贵阳花溪有哪些别墅	0	花溪|贵阳北站	贵阳花溪
已经备案的域名更换服务器要重新备案吗,需要多久	域名备案查询的网址是	0	备案|域名|服务器|备案	域名备案|网址
世界上海拔最低的盆地是什么?	海拔最低的洲	0	世界|海拔|盆地	海拔
吃甜的就牙痛是怎么回事	牙痛是怎么回事牙痛了该怎么办	1	牙痛	牙痛|怎么回事牙痛
护照是空白的情况下,去哪些国家会比较容易得到签证。	出国护照申请表	0	护照|空白|国家	护照
1986年属虎和什么属相最配	属相星座配对查询	0	和什	属相星座
周杰伦有一首歌是关于家庭暴力的,叫什么名字啊?	林俊杰发表的第一首歌叫什么名字?	0	周杰伦|家庭暴力|名字	林俊杰|首歌|名字
《绝密1950》中何顺的饰演者	《绝密1950》中何顺的肃宁县	0	0》	0》
有谁知道球球大作战名字前面空格怎么打的	qq飞车里名字的特殊符号	0	球球|名字|空格	q飞
哪位太平天国的将领战死在大渡河?	哪位太平天国的将领战死在失传?	0	太平天国|战死|大渡河	太平天国|将领战死
世界上有蓝色皮肤的人吗	求个qq##2011皮肤主题包	0	世界|蓝色皮肤	##
诛仙手游官方版跟oppo版有区别吗	诛仙oppo版本和那些互通	1	手游官方版	pp
出淤泥而不染,濯青莲而不妖.出自那首诗	出淤泥而不染,濯青莲而不妖.是那首诗里面的	1	出淤泥而不染|青莲	出淤泥而不染|青莲|不妖
鲁迅的母亲的名字是什么?	鲁迅的母亲叫什么?	1	鲁迅|母亲|名字	鲁迅|母亲
大专是什么?	2011国际大专辩论赛视频下载	0	大专	1国际大专辩论
最早的法医专著是由谁所作?	我国现存最早的本草学专著是:	0	法医专著	现存|本草|专著
穿着鞋底有花纹的运动鞋打球,是为了增大什么?	林丹在国内哪个队打球	0	鞋底|花纹|运动鞋	林丹|国内
女生玩网网名,	我刚刚玩网,求帮我想个好听的名字	1	女生|网网	
白宫在哪个国家?	海鸥在哪个国家?	0	白宫|国家	海鸥|国家
综合工时中每周休息一天的界定	一周只休息一天的企业是不是不符合劳动法的规定	1	综合工时	企业|劳动法
有谁知道新余是那个省份的`?	陶渊明的称号有谁知道?	0	新余|省份	陶渊明|称号
张曼玉演宋庆龄的那个电影叫什么??	张曼玉是哪里的?	0	张曼玉|宋庆龄|电影	张曼玉
狄仁杰的故乡是那的	国中的故乡是那的	0	狄仁杰|故乡	国中|故乡
出包王女同人游戏为什么打不开,为什么是这样的	请问出包王女3d梦梦的那个游戏要怎么弄啊我打开是这个样...	1	同人游戏	d梦|的那个游|要怎么
请问猎豹浏览器出现“不好...传输数据丢失了错误信息-15:传输数据丢失”是什么情况	猎豹浏览器不好意思。。传输数据丢失了	1	猎豹浏览器|传输数据|:传输数	猎豹浏览器|传输数据
动车的原理	温州动车时刻表查询	0	动车	温州动车时刻表
提出相对论,从而使人们对时空观念发生根本改变的物理学家是哪一位?	哪一位物理科学家提出相对论,从而使人们对时空观念发生根本改变?	1	相对论|时空|物理学家	物理科学|相对论|时空
镀铬层厚度不统一是怎么形成的,如何解决?	镀铬层厚度标准是多少	0	镀铬|厚度|统一	镀铬|厚度标准
多缴税款怎样退税	出口退税率查询	0	缴税款	出口退税率
人工流产后可以吃巧克力牛奶吗	人流后可以吃巧克力吗	1	人工流产|巧克力牛奶	人流|巧克
开个化妆品实体店大概一共要花多少钱?一个月大概能赚多少纯利润?请开了化妆品实体店的帮忙回答,我想开	开化妆品店一个月大概能赚多少钱	1	化妆品实体店|纯利润|化妆品实体店	化妆品
把下列几样东西你认为最可贵的地方写下来:蜡烛:春蚕:粉笔:铺路石:	春蚕,蜡烛,蜜蜂,粉笔,铺路石哪些方面最可贵	1	春蚕|粉笔|铺路石	春蚕|粉笔|铺路石
我想知道增值税发票个月开红字发票和开负数发票分别是什么意义?谢谢大家	拿到红字发票申请单后能下个月开负数发票	1	增值税发票|发票|负数发票	发票申请单|负数
vpn账号申请	免费vpn账号注册	1	pn	免费|pn
qq邮箱里说自动发货100元充值卡怎么充	qq邮箱里显示恭喜你获得时空猎人100元充值卡等待激活是不是...	1	动发|00元	q邮|00元
醉翁亭记原文	醉翁亭记原文和注音。最好原文和注音在一起	1	醉翁亭记	醉翁亭记原文|注音|原文|注音
骗人短信如何举报(这种诈骗短信怎么投诉)	如何举报诈骗电话	1	骗人短信|诈骗短信	诈骗
乐队、合唱团指挥用的指挥棒最早是:	最早用棉花织布的是在	0	乐队|合唱团|指挥棒	棉花织
显卡选项amd##rade##on##r##5##m##33##54##gb##dd##r3怎么样	amd##rade##on##r##5##m##33##54##gb##dd##r3是不...	1	选项	
丈夫每天晚上给婆婆按摩让妻子独守空房,婆婆一句话,震惊全场!是哪一期,	我的野蛮婆婆2剧情	0	丈夫|婆婆|守空房|婆婆	野蛮婆婆
被称为“诗史”的是	被称为书圣的是:	0	诗史	书圣
歌词:我张开翅膀梦想在远航求歌曲名	有一首似乎是动漫里面的歌,歌词大概是这样,男生...	1	歌词|张开	动漫|歌词|男生
红星闪闪的读后感受200字	闪闪的红星观后感200字	1	红星闪闪|读后感	闪闪的红星观后感
铝合金型材厚1.4窗80系列型材为香槟色电容型材多少钱一平方	铝合金80系列2.0厚5毫米的玻璃多少钱一平方	1	型材|列型|为香槟色电容型	铝合金|的玻
游戏黑洞是什么意思?	黑洞电视剧中开枪打死冯蕾蕾是谁	0	游戏黑洞	黑洞电视剧|冯蕾蕾
qq飞车12点开什么东西最好,我想得飞虎王,或永久车,或是永久装备?只有是开得出好东西的就介绍下,	qq飞车中有一些东西可以开永久s车或者飞虎王,那...	1	什么|想得|出好	些东|者飞
《国语》是按什么体式编写的?	雅塔尔会议在第二次世界大战中决定成立什么	1	国语|体式	塔尔会议|第二次世界大战
做金融销售有前途吗,还是做保险好呢?	金融销售和保险销售那个更好	1	金融销售|前途	金融销售|保险销售
省内上大学是否需要换手机卡	2011年武汉大学自主招生简章	0	省内|大学	11年武
性欲强的人有什么身体特征?	做爱时怎么才能让我的男人更有性欲更舒服	0	性欲强|身体特征	我的男人|性欲
战国名医“扁鹊”原名是什么?	谁是战国时期著名医学家?	0	战国名医|扁鹊	战国时期|医学家
天才会不会爱上傻瓜?	像傻瓜一样去爱txt小说	0	天才|傻瓜	傻瓜
最近,英语课上对“父母是否应该教孩子理财”这个话题进行了讨论,有支持者	家长怎样辅导一年级孩子学英语	1	英语课|话题	家长|辅导一年级
为什么穿越火线老是出现黑屏?	为什么穿越火线一点进入游戏就会黑屏	1	火线|黑屏	火线|游戏
大汉贤后卫子夫中的饰演楚服的是谁	大汉贤后卫子夫中的楚服是谁演的	1	贤后卫子夫|楚服	贤后卫子夫|楚服
广州人买房南海好还是番禺好	番禺人为什么不承认自己是广州人顺德...	1	买房南海|番禺	番禺|广州|顺德
带脚蹼游泳有技巧吗?	请问一般用自由式的脚蹼多还是用蛙泳的脚蹼多呢我喜欢潜...	0	脚蹼游泳|技巧	自由式|脚蹼|蛙泳|脚蹼
发明蒸汽机的瓦特是哪国人?	发明蒸汽机的瓦特是哪里人?	1	蒸汽机|瓦特|国人	蒸汽机|瓦特
“西出阳关无故人”中的“阳关”指的是哪里?	“西出沅江无故人”中的“沅江”指的是哪里?	0	阳关|阳关	沅江|沅江
宦官是把什么割掉了	宦官是什么被割掉了	1	宦官	宦官
腾讯的易购彩合法不	苏宁易购官网的商品质量怎么样	0	腾讯|购彩合法	苏宁|官网|商品质量
螺纹钢符号有那些?	螺纹钢的规格φ符号是什么意思	1	螺纹钢符号	螺纹钢|规格|符号
怎么用word画简易地图?用能标注出公司地址的那种	非洲地图中文版	0	画简|标注出公	非洲地图
西汉政府在地方上实行了什么制度	公元_____年西汉政府在新疆设立西域都护府.	0	西汉政府	新疆|西域都护府
交通事故双方调节不成功,造事人被检察院正式批捕了,法院判决书多久会下来?	法院已经调解,不批捕,派出所应该什么时候放人	1	通事|检察院|院判决	法院|派出所
美国原名叫什么	美国苏玉华叫什么	0	美国原名	美国苏玉华
山东理工大学专升本工程管理试题	山东理工大学专升本工程管理专业	1	山东理工大学专升本	山东理工大学专升本工程
苹果铃声软件	mm##f铃声格式转换器	0	苹果铃声	f铃
身份证变更证明去哪开	首套房证明在哪里开?	0	身份证|证明	套房证明
小超市用的手持条码扫描枪可以把货物条码采集录入电脑吗	小超市用的手持条码扫描枪可以把货物条码采集录入...	1	条码扫描枪|货物条码	条码扫描枪|货物条码
跪求春节注意防火防盗温馨提示短信	急求有关防盗防火的温馨提示标语	1	防盗温馨	防盗|温馨
喝红酒用什么样的杯子	冲锋蜜用什么样的水	0	红酒	冲锋蜜用
如何建设一支听党指挥能打胜仗作风优良人民军队的	听党指挥能打胜仗作风优良什么时候提出来的	1	打胜仗|优良人民军队	打胜仗作风优良
vivo手机忘记密码应如何找回?	vivo手机助手怎样找回账户密码	1	ivo手机忘	o手
秦始皇是哪个朝代的?	秦始皇陵在哪个省	0	秦始皇|朝代	秦始皇陵
空调水可以用来养鱼吗?	请问空调水可以用来养鱼吗	1	空调|养鱼	空调|养鱼
原员工离职后社保补缴问题	离职职工是否可以要求企业补缴社会...	1	员工|社保	职工|企业|社会
中国战场最精锐的日本师团是哪个?	日军一个师团多少人	0	战场|日本师团	日军|师团
近三界奥运会金牌榜	梦幻西游三界功绩	0	三界奥运会	梦幻|三界
这个wps表格里的底色为什么去不掉	wps表格里的填充颜色怎么取消不掉了	1	ps|里的	ps|填充
做假的钢印怎么做	氮气瓶上的钢印数字代表什么意思8##l和40##l钢瓶设计使用年限多...	0	钢印	氮气|钢印|瓶设
惠州东江在哪里	惠州淡水纹身专业吗	0	惠州东江	惠州淡水纹身
2014年规定现役军人能否在地方考驾照	现役军人能考驾照吗	1	年规定现|能否	现役军人|考驾照
校尉羽书飞翰海,单于猎火照狼山的翰海是什么意思	狼山门票多少才	0	羽书|翰海|狼山|翰海	狼山门票
台扇电风扇转的慢怎么回事	电风扇怎么越转越慢啊	1	台扇电风扇	电风扇
rfid发卡器是什么	易科士的售饭机新发卡器驱动怎么安装	0	fi	售饭机|发卡|驱动
请问07##69##11##4是什么电话??	07##69##21##60##42##60请问这是哪个单位的电话	1	#1	60
我国现行的法定计量单位制是什么?	o##z是什么计量单位	0	现行|计量单位制	
温宝裕最早是在哪部小说里出现的??	我国最早出现纸币是在:	0	温宝裕|小说	纸币
2015年山东省注册入学的专科院校有哪些	山东省2015普通高等学校注册入学缺额计划有哪些学校	1	15年|入学的专	山东省|5普通高|册入
铝合金百叶窗帘的优点是什么呢?	铝合金百叶窗帘的优点是什么呢	1	铝合金百叶窗|优点	铝合金百叶窗|优点
清朝之后是什么时期	乾隆之后的清朝皇帝是	0	清朝	乾隆|清朝皇帝
谁是武当山的祖师爷	哪个是武当山的祖师爷	1	武当山	武当山
以强迫威胁欺骗拉拢手段党员行使表决权及被选举权给与什么处分	以强迫等手段,妨害党员自主表决的,给予什么处分	1	行使|被选举权	手段|党员
求王菲《蝴蝶》歌词	王菲《矜持》歌词。谢谢	0	王菲|蝴蝶	王菲|歌词
《变形记》的作者是	变形记的作者是谁?	1	变形记|作者	变形记|作者
霸王别姬最早见于:	“霸王别姬”最早见于哪个文献?	0	霸王别姬	霸王别姬|文献
重庆市万州区天凤路221号外地车牌货车限行不	重庆市区离万州区天凤路多远	1	重庆市万州区天凤路	重庆市区离|天凤路
日本lol##ita中n什么n什么21是哪个品牌	求盘点日本东京lol##ita专卖店,包括地址电话品牌	1	日本	盘点|l##
江苏淮安烟草网上订货平台网址	中国烟草价格表	0	烟草|订货	中国烟草
1981年公历七月三十一号是什么星座	12星座爱情配对	0	81年公历七	2星座爱
山西省太原市小店区东桥村警校叫什么名字	中国第一富村是哪个村?	0	山西省|小店区东桥	中国|富村
博雅中国象棋残局的擂鼓助威怎么解?速度速度快快快!	博雅中国象棋残局挑战中,钟鼓齐鸣怎么破解	1	残局|助威|速度速度	残局|钟鼓齐鸣
情人节送风铃草表示?	迪诺送风铃草表示?	0	情人节|风铃	迪诺|风铃
主营业务成本怎么计算?	主营业务成本怎么算	1	主营业务成本	主营业务成本
穿越火线是什么公司的?	穿越火线属于哪个公司的?	1	火线|公司	火线|公司
平安银行积分怎么换成京东商城京豆	京豆怎么换积分	1	平安银行|商城	京豆
从南大街到湖塘锦绣小学怎样公交	从常州博爱路35号出发到永胜中路锦绣小学怎么走打车多少...	1	南大街|湖塘锦绣	博爱路|到永|路锦
什么是狗血剧	狗血动漫	0	狗血	狗血
如何从车牌数字中区分货车和客车急啊	车牌标志l是什么牌	0	车牌数字|客车	车牌标志
求一个4399英雄之境好号,也可以换号,我的号也很牛	1.85无英雄变态传奇谁知道哪里有这样的服	0	39|也可	无英雄变态传
《示儿》这首诗歌的作者是谁	咏柳这首诗的作者是谁	0	示儿|诗歌|作者	咏柳|首诗|作者
在昆明乡下,一年四季,本来早晚都可以听到各种美妙有情的歌声。由呈贡赶火车进城,向例得骑一匹老马,慢	阅读文段,回答问题。在昆明乡下,一年四季,早晚...	1	一年四季|向例|老马	乡下|一年四季|早晚
司马迁是哪个朝代的?	《史记》是司马迁写的。那个朝代的人。	0	司马迁|朝代	史记|司马迁|朝代
德克士的卡友日有什么活动	每年几月几日是学雷锋活动日	0	德克士|卡友	学雷锋活动
扬州体育馆那的剑道馆是韩国的还是日本的啊	日本剑道	0	扬州体育馆|韩国	日本
相片的阅读答案!!!	相片制作视频软件	0	相片|答案	相片制作
铃木g##w##250摩托车的油耗一百公里要多少	铃木骊驰g##w##250摩托车的油耗一公里要多少	1	铃木|50	铃木|50
通常所说的“丝绸之路”是指汉唐时期的沙漠绿洲之路,一般认为它的起点是现在的:	海上丝绸之路的起点是:	0	丝绸之路|汉唐|绿洲	海上丝绸之路|起点
老九门资源,求分享越全越好在线等!!!!!!!	求法国历史上有影响力的王室女性及她们的故事越全越好_百度派	1	九门资源|在线	法国历史|王室|百度
我不想再长高了,有什么办法?	关云长高清下载地址	0	办法	关云长高清
党员的八大义务?	预备党员思想汇报格式	0	党员|八大义务	预备党员思想汇报
rf值又叫什么?	凤梨又叫什么	0		凤梨
冰箱工作原理	电冰箱制冷原理图	0	冰箱工作	电冰箱
在word中的脚注怎样添加六角括号?	用六角括号添加脚注	1	加六	括号
支付宝是不是和信用卡是一个概念	信用卡支付和支付宝里绑定的信用卡快捷支付是一个概念么	1	支付宝|信用卡	信用卡|支付宝|信用卡快捷支付
夏普打印机出现一个人的图标	夏普笔记本电脑怎么样	0	夏普打印机	夏普笔记本电脑
7世纪初,穆罕默德开始传教是在什么地方?	7当作初,穆罕默德开始传教是在什么地方?	0	世纪|穆罕默德|传教	穆罕默德|传教|地方
被录取用英文怎么说?	英文选择题	0	英文	英文选
蜗居导演是谁	斗鱼的导演是谁?	0	蜗居	斗鱼
工厂配电柜的的功率因数补偿到多少合适?要到0.99还是刚过0.90就好?为什么?	工厂配电功率因素的问题	1	配电柜|功率因数补偿	工厂配电功率
机械设计与制造就业前景如何?	机械设计与制造专业怎么样难学吗未...	1	机械设计|前景	机械设计|专业|难学
公众号投票说文章内容不完整?	微信公众号投票多选为什么选不了	1	公众|投票|文章内容	微信公众|投票
南京的大学与武汉的大学哪个多?	求大学校园言情小说	0	南京|大学|武汉|大学	大学校园
梦幻西游将军令出现er##r##2.乱码等.一定要解绑吗?	如果梦幻西游上绑了2个将军令,现在要解绑,如何解除其中一...	1	将军令|r#	梦幻|将军令
被后人尊为人文出租的是	被后人尊为药王的是:	0	后人|人文	后人|药王
键盘上第二行字母拼成一句话是什么?as##d##f##gh##j##k##l	键盘输入法切换设备	0	键盘|字母	键盘输入
一个月收入6000元,按上海标准扣三险一金后能剩多少?怎么算?	在上海工资6000元去除三险一金拿到手应该多少钱	1	按上|标准扣三	工资|元去除三
春种一粒粟,秋收万颗子。四海无闲田,农夫犹饿死。这首“悯农”诗的作者是:	海伦一粒粟,秋收万颗子。四海无闲田,农夫犹饿死。这首“悯农”诗的作者是:	0	春种|秋收	秋收|四海
gs##p中药饮片养护记录怎么写?	gs##p中药饮片养护记录怎么写	1	##p中|片养	##p中|片养
炉石传说战网账号甚么格式	炉石传说战网通行证	1	炉石|战网	炉石|战网
那么爱你为什么简谱	谁有<那么爱你为什么黄品源&莫文蔚>的简谱	1	爱你	爱你|黄品源|莫文蔚
性感美腿女神苏岚全集	济南哪里有卖“红外线美腿燃脂连裤袜”的	0	性感美|苏岚	美腿燃脂连裤袜
过秦论的作者是?	背影的作者是?	0	过秦论|作者	背影|作者
两个字的网名	个性网名转换器	0		个性网名
华东理工大学在上海地铁1号线哪个站下车	上海华东理工大学梅陇路130号校区离一号线哪个地铁站近拜托...	1	华东理工大学|海地|号线	华东理工大学梅陇路|区离一
仙剑三里的大小姐叫什么	仙剑三演重楼的是谁?	0	小姐	重楼
李[UNK]曾在哪个国家变法?	公孙鞅曾在哪个国家变法?	0	曾在哪个	公孙鞅|国家变法
梦戴维怎么戴?不敢啊～	梦戴维什么人不能带	1	戴维	戴维什
台电a1##1双核平板电脑机壳如何拆开	台电p##85上网问题	0	台电|##|板电	台电
武松过井阳岗喝了多少碗酒	《五号特工组》里的酒井美惠子是谁演的?	0	武松|井阳岗	特工|美惠
我是卖家,买家买了衣服说有质量问题	我是卖家,淘宝上买家买了一件衣服,以质量问题要求退货,...	1	卖家|衣服|质量	卖家|淘宝|衣服
养小龙虾一亩要投资多少钱	养小龙虾,一亩要投资多少钱需要多长时间回收成...	1	小龙虾|投资	小龙虾|投资|多长时间
易初爱莲是哪国的	初音的音源是谁	0	爱莲	初音|音源
w两个世界第七集里的书是我不喜欢这个世界只喜欢你吗?	w两个世界第七集的全部台词	1	世界|世界|喜欢你	世界
“饭在锅里,我在床上”	饭在锅里,我在床上。对于这句话你有什么独特的见...	1	床上	床上
神雕侠侣,古天乐版的黄蓉是谁演的	神雕侠侣,古天乐版的章节是谁演的	0	神雕侠侣|古天乐|黄蓉	神雕侠侣|古天乐|章节
自动挡车,1、2、3档分别是什么意思?	自动挡车上的1.2.3档是什么意思分别在什么情况下用	1	自动挡车	自动|车上
我是外地的,听说湖北有位叫唐秋中的中医,是真的吗?	传闻湖北有个叫唐秋中的中医,我是外省的,在网上看到他的...	1	外地|湖北|中医	湖北|中医|外省
2016年有哪些军校招生	一般军校录取分数线	0	有哪	军校
可以除去无水中臭味的物质是什么??	用食醋可以除去水壶中的水垢,体现了醋酸的什么性?	0	水中臭味|物质	食醋|水垢|醋酸
北京物价	北京很大吗想去北京,但是怕找不着路...	1	北京	北京|北京
公元618-90##7年,是我国古代的哪个朝代	公元元年在我国古代的哪个朝代	0		元年
这植物什么草?怎么长出来的花像香肠一样?	开的花像个香肠的是什么草	1	植物|花像香肠	花像|香肠
清朝编写的中国历史上规模最大的《四库全书》先后[UNK]缮了几部?	爵迹现在出来几部了?	0	中国历史上规模|四库全书	爵迹
《重生之掌权天下》txt全集下载	重生之笑看风云起好看吗	0	掌权|xt	重生|风云
什么显微镜可以看到分子	什么磁悬浮列车可以看到分子	0	显微镜	磁悬浮列车
红茶喝多了会怎样?	红茶喝多了是否对身体有害	1	红茶	红茶|身体
作为一名大学生,在校期间如何谈恋爱成功的把握性到底有多大?	大学生在校谈恋爱成功率有多高	1	大学生|把握性	大学生|成功率
谁能送我一个cf手游v6的号,如果可以的话加qq##160##85##07##27##7,或者我用生死狙	手游乱舞三国ol怎么控赌,请祥细点。我给高分	0	f手	三国
关于武汉黄大看守所,我有个朋友前些时出了点事情,关在黄大看守所请问黄大看守所在哪具体位置	大队长可以称黄大吗	1	黄大看守所|前些时|黄大看守所|黄大看守所	大队长
酱油泡姜多久可以吃	做酱油设备应该用什么材质的不锈钢,	0	酱油泡姜	酱油|材质|不锈钢
2016高考专科录取时间在什么时候	安徽高考自主命题动向	0	6高|科录	安徽|命题
余秋雨,哪个一书是他的散文力作	余秋雨,那部一书是他的散文力作	1	余秋雨|散文	余秋雨|散文
魅族的总部在哪里?	魅族老总是谁	0	魅族|总部	魅族老总
我文荒了请大家介绍一些好看的耽美小说	文荒啦,推荐一些你心目中觉得最好看的耽美小说,越精越好...	1		文荒|心目|小说
哪位达人能详细介绍海上大桥的桥墩是怎么建造的?	达人设计下发型	0	达人|大桥|桥墩	设计
以下哪个城市不是用人的名字来命名?a华盛顿b莫斯科c巴黎d科伦坡	世界部分首都是以人名命名的,下列哪个不是华盛顿莫斯科巴黎...	1	华盛顿|莫斯科	人名|华盛顿莫斯科
一级注册消防工程师挂靠风险大吗	考取了一级注册消防工程师是全职还是挂靠	1	消防工程师|风险	消防工程师|全职
招商信诺是骗子吗?	招商信诺好吗	0	招商信诺|骗子	招商信诺
千与千寻里那个女孩的全名	千与千寻里那个民间舞蹈的全名	0	千寻|女孩	千寻|民间舞蹈
好看的日本少女动漫推荐下	请大家推荐几部超级好看的日本动漫	1	日本少女动漫	超级|日本
创维机顶盒遥控器使用说明书	创维机顶盒遥控器怎麽学习电视遥控器	1	创维机顶盒遥控器	创维机顶盒遥控器
小区物业道闸杆安全标语怎么写	律师资格证考试科目	0	物业|闸杆|标语	资格证考试
美丽密令里面的那个秦朗叫什么名字?	谁演的美丽密令里面的秦朗	1	美丽密令|秦朗	美丽密令
有哪位好心人知道黑龙江刘善人的电话啊。。。刘善人真是那么神吗?谁在那看过病啊。谢谢大家。。。。	刘善人有解答问题的地方吗	1	好心人|黑龙江|善人|善人	善人|答问|地方
圆领和v领的t恤哪个好看?	t恤v领和圆领哪个好看...	1	圆领	圆领
我也想要当网红成为你们的英雄什么喊麦	我也想要当网红成为你们的英雄是什么喊麦	1	网红|英雄	网红|英雄
地铁笨蛋4叫什么?谁有给发下	地铁笨蛋4那部动漫叫什么名字	1	地铁笨蛋	地铁笨蛋|动漫
《红楼梦》中被人们称为“病西施”的是?	西施是哪个朝代的	0	红楼梦|西施	西施|朝代
鹿茸产地是哪里	鹿茸一般是哪里	0	鹿茸产地	鹿茸
bigbang##lo##ser中文翻译	《lo##ser》bigbang歌词中字意思	1		ser》
村封路村民有意堵路,请问可以治安处罚吗	治安拘留记录档案么	0	封路村民|治安处罚	记录档案
陶笛,[UNK],箫,竹笛,没有任何基础哪个好学,初学者买多钱价位的好	求入门陶笛推荐,没基础	0	陶笛|,没|个好学	入门陶笛
腾讯老总都是谁?	魅族老总是谁	0	腾讯老总	魅族老总
word如何把整个一页的内容复制	如何把word文档中某一页进行复制并创建一个新的文档	1	一页	or
巴勒斯坦人多信奉什么宗教	请说出多信奉什么宗教	0	巴勒斯坦人	
从乌镇到义乌怎么走??	义乌去乌镇怎么走	1	乌镇|义乌	义乌|乌镇
参公管理和公务员的区别?	参公管理与公务员有什么区别吗...	1	参公|公务员|区别	参公|公务员|区别
11点钟是什么时辰的	晚8点是什么时辰	0	么时	
月经前后乳房痛是什么原因	不来月经乳房胀痛怎么办	0	月经|乳房	月经乳房
誉为“美国生活的幽默的百科全书”的是	被誉为“中国17世纪的工艺百科全书”的是哪部书?	0	美国生活|百科全书	被誉为|的工艺百科全
中医的肾开窍于	流浪汉的肾开窍于	0	中医	流浪汉
2013版本ppt中的图片格式功能在哪里找	用2013版做ppt,然后存为2003格式,然后在2003上...	1	ppt中	然后
想当女兵,想问下女兵训练那些的和男兵一样那么累吗?	当女兵好不好每天训练跟男兵一样吗	1	女兵|下女兵训练	好不好|训练|男兵
新出锅的馒头为什么表面不光滑	我想吃女生的肉馒头	0	馒头|表面	女生
名词解释五经正义	义疏体的名词解释	1	名词解释五经	疏体
镭雕的原理与工艺	按键镭雕生产厂家哪家好	1	原理	按键|生产厂家
第一个登上月球的人是谁?	中国第一个登上月球的女性的是谁??	0	月球	中国|月球|女性
刮宫和清宫的区别在哪里?	怎么样区别清宫和刮宫	1	清宫|区别	区别清宫
一拳超人本子	超人迪加男主角是谁	0	超人	超人迪加男主角
余诗曼版的阿九里温青青是谁演	美人制造阿九是谁演的	0	余诗曼|温青青	美人制造阿九
致人死亡后驾车逃逸应判几年!	交通肇事逃逸致人死亡定罪	1	驾车|应判	交通肇事
房玄龄是唐末名相,今哪里人?	本溪是唐末名相,今哪里人?	0	房玄龄|唐末	本溪|唐末
金德大宗商品交易中心,是正规交易吗	广东大宗金德商品交易有限公司是不是真的	1	金德|宗商品交易	金德商品交易有限公司
染发,染这种颜色需要多少钱	什么染发颜色不明显	0	颜色	颜色
读书是一个奇妙的过程,可以使软弱的性格变得坚强。造句	词语造句大全	0	读书|性格	词语造句
试问夏威夷从属于哪个国家	发起夏威夷从属于哪个国家	0	夏威	夏威
斜塔来自哪个国家的	哪个国家有斜塔	1	斜塔|国家	国家
英国总罢工发生在何年	阮玲玉何年自杀?	0	英国|罢工	阮玲玉
求美妙天堂啦啦:皮侬;卡侬;朱侬的图片	美妙天堂啦啦图片	1	天堂|卡侬	天堂
加拿大的国徽是什么?	什么是加拿大的国徽?	1	加拿大|国徽	加拿大|国徽
华谊兄弟的老板是谁?	嘉禾的老板是谁?	0	华谊|老板	嘉禾|老板
美国举火炬的叫什么	美国举火炬的是谁?	1	美国|火炬	美国|火炬
小学生二年级暑假日记50字	暑假培训班招生简章	0	小学生二年级暑假	暑假培训班
青岛火车站去文登怎么办	青岛火车站有没有到文登的火车	1	青岛火车站|文登	青岛火车站|文登
水浒传内容简介100字	求水浒传武松打虎故事内容简介100字,要...	1	水浒传内容简介	水浒传武松打虎|内容简介
布拉格在哪个国家	布拉格是哪个国家的	1	拉格	拉格|国家
国产空调哪个品牌好?	美的空调故障代码表	0	国产空调|品牌	空调故障代码
纯情丫头火辣辣漫画	纯情丫头火辣辣漫画在那个app可以看	1	纯情丫头火辣辣	纯情丫头火辣辣
父亲北京户口,母亲外地户口,有了小孩怎样落北京户口	孩子北京户口,母亲外地户口,怎么落户	1	亲北京户口|户口|北京	户口|外地户口
舌战群儒这个典故的主人公指的是谁?	舌战群儒这个梁赫群的主人公指的是谁?	0	舌战群|典故|主人公	舌战群|梁赫群|主人公
获斯大林文学奖的中国现代小说《太阳照在桑干河上》的作者是谁?	现代短篇小说“呐喊”是谁的作品?	0	斯大林文学奖|桑干河	短篇小说|作品
在深圳市小学入学条件中,和当地街道办事处房屋租赁管理所签租房合同。	在深圳其它证件齐全,没有租凭合同能申请公立	1	深圳市|所签租房	深圳|证件齐全
lol召唤师图标战利品能融合成什么	lol还可思科技战利品有的英雄合成给什么	1	唤师图标战	科技战|有的
酷派87##50内置卡外置卡互换方法?	酷派80##85手机内置sd卡和外置sd卡调换教程	1	酷派|0内	酷派|置s
摩尔质量中的n,代表什么?	数学中的cm代表什么?	0	摩尔质量|代表	数学|m代
武汉科技大学大一报名费	武汉科技大学大一新生如何知道自己的班级	1	武汉科技大学	武汉科技大学|新生
歌手齐秦老婆是谁	歌手齐秦开斋是谁	0	歌手齐秦老婆	歌手齐秦
微信好友删除怎么找回	微信好友被误会删除怎么找回来	1	微信好友	微信好友|误会
目前我国规模最大的商业银行是:	中国最大的商业银行是:	0	规模|商业银行	中国|商业银行
苦力怕的最大攻击值	我的世界1.6.2有没有一个mod里面有火箭苦力怕和支援苦力.....	1	苦力	面有火箭|支援
鹊桥是什么意思	鹊桥的意思	0	鹊桥	鹊桥
魏巍的哪一篇文章引起全国强烈反响	哪一篇魏巍的文章引起全国强烈反响	1	魏巍|文章	魏巍|文章
智商高的人通常有什么表现?	爱因斯坦的智商是多少	0	智商	因斯坦|智商
地三鲜是哪个地方的名菜	地三鲜是什么地方的名菜	1	三鲜|地方	三鲜|地方
神州行轻松卡2号(08版)保底消费10元可以包括?	神州行轻松卡2号08版月保底消费10元是否包含6元来电显示费	1	神州行|)保	神州行|月保
用腾讯安全管家可以把本地磁盘c盘里的文件或软件移动到别的磁盘吗?	电脑的本地磁盘c里面的文件怎么移动到其他磁盘里面	1	管家|磁盘|盘里|磁盘	电脑|磁盘|文件|磁盘
岳飞是哪朝的人	岳飞属哪个朝代	1	岳飞	岳飞
1984年,中国足球队在尼赫鲁金杯赛上战胜了哪支世界级强队?	1984年,泡泡袖在尼赫鲁金杯赛上战胜了哪支世界级强队?	0	4年,中国|球队在|赫鲁	4年|泡袖在|赫鲁
清朝的第五位皇帝是谁?	清朝皇帝末代皇帝是谁	0	清朝|皇帝	清朝|末代皇帝
一个中文字符占2字节,在一张3寸高密软盘上最多能存储多少个汉字?	软盘怎样启动电脑	0	字节|软盘|汉字	软盘|启动
我12岁女穿着泳衣小妹妹很突出怎么办	穿泳衣要穿内裤么	0	着泳衣小妹	泳衣|内裤
我国自古以来的有名的夫妻故事(比如卓文君和司马相如我已经知道了,就这类似的还有吗?)	司马相如和卓文君的结局	1	夫妻|卓文君|司马相如	司马相如|卓文君
隋炀帝的爸爸是谁	任家萱的爸爸是谁	0	隋炀帝|爸爸	任家萱|爸爸
内资如何变中外合资	如何办理内资企业变更为中外合资企业	1	内资	内资企业|中外合资
董卓入洛阳后,谁逃至陈留聚兵反抗,成为关东联军的一支?	董卓入洛阳后,谁逃至陈留聚兵反抗,成为香港演员联军的一支?	0	董卓入洛阳|关东	董卓入洛阳|联军
急急急急急,拔完牙牙龈肿了,隔几天就带牙套?谢谢	带牙套的几天,牙龈全肿了,怎么办	1	牙龈|带牙套	带牙套|牙龈
作为新乐府运动的主将,倡导关注现实,诗风明快晓畅的唐代大诗人是?	被称为“诗圣”的唐代诗人为:	0	新乐府|诗风|晓畅	诗圣|唐代
雷米眼罩好不好用,价格多少钱?	雷米眼罩有用吗	1	雷米眼罩好不好	雷米眼罩
独卧青灯古佛旁在红楼梦中指那个女子	独卧青灯古佛旁在电图中指那个女子	0	青灯古佛|红楼梦中指	青灯古佛|电图中指
天是红河岸中的女主角叫什么?	天是红河岸中的合并叫什么?	0	红河岸|女主角	红河岸
李胜贤的资料	bigbang的李胜贤是不是九零后的	1	李胜贤	gba|李胜贤
空调不制冷不滴水	空调不制冷,不滴水是怎么了空调买有近3年了。是格力的。	1	空调	空调|滴水|空调|格力
怎样查询科目一考试成绩	怎么查驾校科目一考试成绩	1	科目	驾校科目
把地图着色,使得相邻的国家有不同的颜色,至少需要几种颜色	地图上,最少可以用几种颜色标出不同区域?	0	地图|国家|颜色	地图|颜色|区域
我浇花的小喷壶喷不出水来了,水压不上来,怎么修	小明正在阳台上浇花,楼下的刘阿姨说:“小明,你可真爱美啊...	0	喷壶|水压	小明|刘阿姨|小明|爱美
掸子蜡怎么用好	掸子蜡是怎么用求图	1	掸子	掸子
有什么比较便宜的,性能较好的国产牌子手机?	国产电话交换机什么牌子的好	1	性能|国产牌子	国产|交换机|牌子
怎样计算铝芯电线的塑料与铝重量。	电工电线计算公式	0	电线|塑料|重量	电工
《时事新报》在1918年3月4日创办了副刊	李大钊在新文化运动创办了什么	0	新报	李大钊|新文化运动
你能只移动2根小棒就改变椅子靠背的方向吗?	在哪儿能找到耐克、阿迪、茵宝、靠背、彪马等运动标志的图片...	0	小棒|椅子|方向	耐克|茵宝|标志
西汉政府在地方上实行了什么制度	为了保护渔业资源,中国沿海普遍实行了什么制度	0	西汉政府	渔业资源|中国
期权是什么意思?	什么是期权激励	0	期权	期权
《黑山老妖》作者是谁?	黑山的邮政编码	0	黑山老妖|作者	黑山
生冬瓜汁的做法与区别。	冬瓜排骨汤的做法	0	冬瓜|区别	冬瓜排骨汤
砂子的种类有哪些?怎么分类?有什么区别?	消失模铸造所用的砂子的种类包括砂子的类型、目数等。我要...	0	砂子|种类|区别	所用|砂子|种类|砂子
半壶纱歌词意思	喜欢你歌词	0	歌词	喜欢你
我家电脑为什么老是文件损坏啊?请高手指点.	我家电脑老文件损坏很急求高手指点	1	电脑|高手指点	电脑|高手
photoshop是一款主要应用于什么方面的软件	facebook是什么软件	0		
用php邮箱验证该怎么做	php如何实现邮箱验证	1	hp	实现
安徽专科录取结果什么时候出来	2016安徽专科录取情况到底什么时候能查到	1	安徽专科	016安
加湿器的危害有哪些啊?	工业加湿器哪种加湿器加湿效果好加湿快,而且使用成本低	1	加湿器|危害	工业加湿器|加湿器
直接胆红素(db##il)偏高10.12怎么回事呢!?	直接胆红素偏高是怎么回事	1	胆红素|高10.	胆红素
高考成绩出炉国民闺女关晓彤成绩曝光考了多少分被哪个学校录取	关晓彤高考成绩	1	成绩|闺女关晓彤成绩	关晓彤
我国的基本政治制度是什么?	我国的基本政治三十六计是什么?	0	政治制度	政治
安徒生是哪个国家的作家	安徒生是哪个国家的石库门	0	安徒生	安徒生|国家
办理健康证去哪里办理啊	办理新身份证去哪里办?	0	办理健康证|办理	办理|身份证
邻居在楼道公摊面积凹进去自家方违规安装个门。我怎样给它拆了?	万能的百度:隔壁邻居在公摊面积私自安装防盗门,我应该怎...	1	楼道公摊面积|违规	百度|公摊面积|防盗门
英语的发源地	英语是什么文字?	0	英语	英语|文字
请问如果客户的货款走我的公帐,我就一定要开票吗?客户说可以不用发票。	购车发票有抵扣联吗	0	客户|公帐|开票|客户	购车发票
c##ust##om是什么意思	c##ust##om到底是什么意思	1		
如何证明婚前买、婚后按揭的房子是我的个人财产?	我是特种兵3叶寸心买的什么车	0	婚前|按揭|个人财产	我是特种兵|寸心
人沿杆匀速下滑受什么摩擦力	化学平衡常数受什么因素影响?	0	沿杆	化学平衡常数|因素
给你一百条命和变态杀人魔谈恋爱详细攻略	求助求助,【给你一百条命和变态杀人魔谈恋爱】cg	1	变态杀人	变态杀人
四月是你的谎言,小熏死了吗,会不会有第二季	四月是你的谎言结局是什么意思宫园手术失败过世了吗还...	1	四月是你的谎言	四月是你的谎言|宫园|过世
宁夏是什么省的	宁夏固原邮政编码	0	宁夏	宁夏固原
金钟仁exo,求原图的	求这张图的原图,exo金钟仁,kai。	1	金钟仁|,求	原图
图中的虚线是水平运动物体的原始方向,实线是偏转后的方向,正确的是()a.b.c.d	下图中的虚线是水平运动物体的原始方向,实线是其偏转方向...	1	虚线|方向|方向	虚线|物体|方向|方向
6.6英寸屏幕,长多少?宽多少?	电脑屏幕摄像机软件哪可以下载	0	英寸屏幕	电脑屏幕摄像机软件
上面一个宝盖头,下面一个告是什么字	宝盖头加个告字什么字	1	宝盖头	宝盖头|个告
求炫舞简洁网名格式是格式	情侣网名格式化	0	网名格式	情侣网名
品牌欧诗漫护肤品的厂家在那里	海天酱油厂家在哪	0	欧诗漫护肤品|厂家	海天酱油厂家
空城计对付的是谁	秦修长城是为了对付谁	0	空城计对付	秦修长城|对付
吴奇隆现在的女朋友叫什么?	吴奇隆现在的女朋友的名字是什么?	1	吴奇隆|女朋友	吴奇隆|女朋友|名字
牛津大学是哪国的?	漂白粉是哪国的?	0	牛津大学	漂白粉
我的世界拔刀剑无名刀无名怎么做	刀剑英雄装备卡	0	世界|刀剑	刀剑英雄装备
中国电信的信号是用卫星传输的吗	请问中国电信天翼网络是用基站,还是用卫星发射的呢。	1	中国电信|卫星传输	中国电信天翼|基站
莫文蔚是哪个民族的	宋祖英是哪个民族的?	0	莫文蔚|民族	宋祖英|民族
上海中世是造价甲级吗?	上海市一共有多少家造价企业	1	上海中世|甲级	上海市一共
擅长七绝并多用乐府旧题的诗人是?	擅长七绝并多用乐府旧题的亭影是?	0	七绝|乐府旧题	七绝|乐府旧题
人力资源管理和金融管理	人力资源管理和金融学哪个好	1	资源管理	资源管理|金融学
有一首歌里面有一句歌词叫心飞飞梦飞飞它叫什么歌	飞飞世界下载魔兽地图有毒...	0	首歌|句歌词	飞飞|魔兽地图
泌尿系统属于哪一科	女性泌尿系统问题应该98什么科	1	泌尿系统	女性泌尿系统
销售票认证后又收到红字发票怎么做账务处理	红字发票账务处理	1	销售|发票|账务	发票账务
请为会计师事务所想一条广告词	为宝箴塞写一条广告词	1	会计师事务所	箴塞
老人与海中老人到底叫什么?	阴处与海中阴处到底叫什么?	0	老人与海	阴处|海中阴处
古代四大美女哪位是西汉时期的?	古代的哪位黄帝是轩辕氏?	0	古代四大美女|西汉时期	古代|黄帝|轩辕氏
脑子跟浆糊一样,怎么办	脑袋装浆糊是什么意思	0	脑子|浆糊	脑袋|浆糊
拔罐后出现水泡怎么办	拔罐有什么好处	0	拔罐|水泡	拔罐
最近新闻的短评300字	10篇新闻短评2015最好300字左右的	1	新闻	篇新
大秦安敦王朝派使臣来中国,是在	大秦安敦王朝派拾回来中国,是在	0	秦安|王朝|使臣	大秦安|王朝
甲烷的结构	魁是什么结构	0	甲烷	魁是
收到法院的传票,被告名字写错了可以不出庭吗	法院传票如何送达	0	传票|被告|出庭	法院传票
羽毛球拍线断了南京哪里有穿的	羽毛球拍线断了自己怎么穿线	1	羽毛球拍|南京	羽毛球拍
八股取士始于何时	八股标准状况始于何时	0	取士	标准状况
矿泉水桶里面长了青苔要怎么洗?	谁有青苔著作的《离婚协议》	0	矿泉|青苔	青苔著作|协议
亿万婚约前妻别逃免费阅读全文	皇家婚约者漫画	0	婚约前妻	皇家婚约
写几个英语单词的简称吧	英文单词简写	1	英语单词	英文单词
《荷塘月色》的作者是	荷塘月色原唱是谁	0	荷塘月色|作者	荷塘月色原唱
乡村爱情里的陈艳南是谁演的?	乡村爱情里的长贵姓什么?	0	乡村爱情|陈艳南	乡村爱情|贵姓
请问本科护理学专业就业的方向如何.	护理学本科就业前景	1	护理学专业|方向	护理学
电动机负载计算	我想知道三相电动机的负载电流是怎么计算的	1	电动机	三相电动机|电流
北京房产税,夫妻婚后一方拥有2个房产证,其中一套央产房更名给另一方后,离异再卖,还要交20%税吗?	夫妻双方婚前名下各有一套房产,结婚后其中任何一套属于二...	1	房产税|央产房	夫妻|婚前名下
保险合同的关系人不包括a保险人b被保险人c受益人d保险人的辅助人	急求保险答案	1	保险合同|关系人|保险人|保险人|保险人	保险
台达plc##er##ro##r灯亮怎么回事?	台达plc##er##ro##r闪烁	1	台达|#er##r	台达
天谕不花钱能玩吗,或者花一点,跟剑灵比怎么样,剑灵感觉就是不花钱一样可以下本只是不牛逼而已	剑灵剑士加点	0	天谕|花钱|剑灵|剑灵|花钱	剑灵
苹果手机ios##6系统安装不了微信不知道越狱了以后能不能安装微信?	苹果ios##6.1.4怎么安装微信	1	苹果|安装|不能	苹果
be##ha##ppy##wi##th和be##ha##ppy##fo##r有什么区别	be##ha##ppy##wi##th和be##ha##ppy##to的区别...	1		##
1890-1896年非洲唯一独立的国家是	08年的非洲足球先生是谁?	0	-189|洲唯	的非洲足球先
据文字记载,篮球运动是_________年由美国人詹姆斯奈史密斯发明的。	据凝固剂,篮球运动是_________年由美国人詹姆斯奈史密斯发明的。	0	文字记载|篮球运动|奈史密斯	凝固剂|篮球运动|奈史密斯
奔跑吧兄弟第四季七名成员片酬都多少钱	香港演员片酬排行榜	0	兄弟|成员片酬	香港演员片酬
香菇种植的利润有多大?	香菇种植成本及效益	0	香菇|利润	香菇|成本
舞法天女朵法拉拉提和朵蜜,法苏是谁演的	舞法天女的朵蜜法苏跳的是什么歌	1	舞法天女|朵蜜	舞法天女|朵蜜
介绍nc伺服滚轮送料机结构说明?真心感激	nc伺服送料机的特性	1	服滚轮送料	服送料
一公顷的面积有多大	一公顷的大嘴巴有多大	0	面积	大嘴巴
具有相同质子数但中子数不同的原子是什么?	原子的核电数取决于原子结构中的什么	0	中子数	核电|原子结构
1894年爆发的日本侵略中国和朝鲜的战争是什么战争?	哪个战争是在1894年日本发起的侵略中国和朝鲜的战争?	1	发的日|中国|朝鲜|是什	战争|94|中国|朝鲜
我们党最大的政治优势是,党执政后的最大危险是。	我们党的最大政治优势是密切联系群众,党执政后的...	1	政治|党执政|危险	政治|密切联系|党执政
恋夜秀场怎么进不去了?恋夜秀场怎么看不了	有谁知道恋夜秀场咋进不去	1	恋夜秀场|恋夜秀场	恋夜秀场
海内存知己,天涯若比邻是谁写的	海内存知己,天涯利益是谁写的	0	天涯若	天涯利益
小米4用的是那种卡?	爱情公寓4里用的什么电脑	0	小米	公寓|里用
kiss##sis##ter全集+o##va百度云无修,急求,谢谢了!	kiss##sis##ter全集(包括o##va)百度云	1	s#|s#	s#|te
人体的安全电压是多少:	对人体来说安全电压是多少伏	0	人体|安全电压	人体|安全电压
搜狗输入法怎么设置才可以打出动画表情?	搜狗输入法怎么打表情图案	1	搜狗输入法|表情	搜狗输入法
湖南怀化邮政查询	湖南怀化邮政号码哪几位数	1	湖南|邮政	邮政号码
眼皮上有皱纹,该怎么补救?	上眼皮下垂怎么办	0	眼皮|皱纹	上眼皮
电动晾衣架的电源插座在哪儿合适	电动晾衣架的电源插座怎么安排	1	电动晾衣架|电源插座	电动晾衣架|电源插座
选铁渣企业一般纳税人需缴纳哪些税	炼铁的铁渣,当地人还有什么用	0	铁渣|一般纳税人	炼铁|铁渣|当地人
ti##ton##i是什么牌子的手表?	ti##ton##i是什么时传祥的手表?	0	n#|i是	n##|是什
哪个城市被誉为“草原明珠”	具有“草原明珠”称号的是哪个城市	1	被誉为|草原明珠	草原明珠|称号
求上古百度云	求上古卷轴5(汉化)百度云	1	上古百度	上古卷轴|汉化
不到4年的车怎么年检	2014年个体工商户营业执照还需要年检吗	0		年个体工商户营|还需
金银玉佩能同时带吗	金银玉同戴一身可以吗	1	金银玉佩	金银玉同
被称为词坛婉约派之“宗”的是哪位词人?	被称为词坛婉约派之“宗”的词人叫什么?	1	词坛婉约派	词坛婉约派
南昆山到地派有多少公里	南昆山到中山古镇是多少公里	1	南昆山	南昆山|中山古镇
二元一次方程2##x+3##y=11的正整数解一共有几个?要过程的	二元一次方程2##x+3##y=11的正整数解一共有几个	1	y=1|的正	y=1|的正
怎么用web方式登录邮箱和用web方式发邮件啊?	如何知道邮箱的web登陆方式	1	eb|用web方	邮箱
vr眼镜怎么用?	寻找眼镜上的显示器	0	r眼	眼镜
杨五郎为什么出家当和尚?	杨门女将中杨五郎为什么出家	1	杨五郎|家当和尚	杨门女将|杨五郎
软饮料的共同特征是	软饮料的共同退学是	0	软饮料|特征	软饮料
三星t3##21平板电脑如何root	三星平板sm-t3##21如何root	1	三星|##	平板
有谁知道史铁生双腿瘫痪的原因啊···拜托各位了···	史铁生双腿瘫痪中你感悟到了什	1	史铁生双腿|拜托	史铁生双腿|感悟到
蜂蜜哪个品牌最好	蜂蜜保质期	0	蜂蜜|品牌	蜂蜜
带狗狗或猫咪图案的包包叫什么	卖猫狗图案东西的品牌,万达广场里,有可爱的包包啊,各种...	1	狗狗|猫咪图案	图案|万达广场
北京西到太原的动车没有了么?全部为高铁?	7月份北京西到太原的高铁,动车,还有特...	1	北京西|太原|动车	北京西|太原|动车
有癌症患者治愈的病例吗?有好的经验能给介绍一下吗?	世界上目前哪些病例是无法治愈的(不包括癌症患...	1	癌症|病例|经验	世界|病例|癌症
战国时楚国的云梦泽是现在的哪里?	战国时江西是属于哪国领土?	0	楚国|云梦泽	战国|江西|领土
南非的全称是什么?汉语的求大神帮助	合同法的全称是什么?汉语的求大神帮助	0	全称|汉语|大神	合同法|全称|大神
钢笔字和毛笔字有什么联系	钢笔字和毛笔字的区别	1	钢笔字	钢笔字
我的小腿特别干燥,一年四季都有这种像蛇皮一样的皱纹,抠也抠不掉。一到冬天特别严重,夏天还好一点,这	小腿上长了蛇皮一样的纹路怎么办	0	一年四季|蛇皮|皱纹	小腿|蛇皮|纹路
陶弘景在梁武帝遇有国家大事,常去山中征问他意见,那时他被时人称为:_____?谢谢了,大神帮忙啊	嘉峪关再那里啊谢谢了,大神帮忙啊	0	陶弘景|梁武帝|时人	嘉峪关|谢谢|大神
新车开几天发动机是什么声音还是就是打空调有的吱吱声雷诺风朗	雷诺风朗车如何不开空调排雾	1	发动机|吱吱声雷诺	雷诺风朗车|空调
请问谁有2013年的高考大厚本或其他报考志愿的书?	现在高考还给发大厚本的那种各大学往年录取分数线...	1	高考|他报	大学往年|分数线
国产动画片《喜羊羊与灰太狼》中,灰太狼的老婆叫什么名字	国产动画片《喜羊羊与灰太狼》中,灰太狼的老婆叫什么名字?	1	动画片|灰太狼|灰太狼|老婆	动画片|灰太狼|灰太狼|老婆
直销系统的作用是什么	直销系统建设的目的与意义	1	系统	建设|目的
我国文圣是谁	我国里罗是谁	0	文圣	里罗
破釜沉舟的主人公?	破釜沉舟说的是哪次战争?	0	破釜沉舟|主人公	破釜沉舟|战争
什么被称为绿色水库	什么被称为流动性水库	0	绿色	流动性
世界第二大淡水湖是位于非洲的什么湖?	世界最大的淡水湖	0	世界|淡水湖|非洲	世界
lt##ps-tft-lcd技术	tft屏幕和ips屏幕有什么区别,还有tft(lt##ps技术)...	1		ft|和i
母亲节是那一天?	2008年母亲节是哪天?	0	母亲节	08年
做小弟的动物是什么生肖	十二生肖属相配对查询	0	小弟|动物	十二生肖属相
